CountyFIPS,Marc_CountyID1,FIPS,LocalityName,Population2023,OUD_Deaths2023,OUDCases_2023,Labor_Fatal,Labor_OUD,Labor_Incarceration,Labor_Total,Labor_PerCapita,Health_ED,Health_Hosp,Health_AmbulanceNalax,Health_Indirect,Health_Total,Health_PerCapita,Crime_Total,Crime_PerCapita,ChildFamily _Assistance,ChildFamily_K12Ed,ChildFamily_Total,ChildFamily_PerCapita,Total_Total,Total_PerCapita,HouseholdSector_Total,FedGovtSector_Total,StateLocalSector_Total,MedianAgeYrs,MedianHHIncome,PovertyPct,Hlth_Dist_Name,Hlth_Region_Name,CooperCtrRegionName,Category name,Category description,Urban_Rural,Metro_NonMetro,HHMI_State,HHMI_Quartile,PovertyRate_State,PovertyRate_Quartile,HHMI_quartileProse
51001,001,us-va-001,Accomack County                                   ,"33,288", 	13 , 	869 ," $	14,294,892 "," $	5,427,202 "," $	132,965 "," $	19,855,060 ", $	596 ," $	132,052 "," $	776,197 "," $	60,675 "," $	4,378,883 "," $	5,347,807 ", $	161 ," $	210,135 ", $	6 ," $	919,231 "," $	1,076,979 "," $	2,206,345 ", $	66 ," $	27,409,212 ", $	823 ," $	15,830,791 "," $	8,324,831 "," $	3,253,590 ",47.1,50601,16.91,Eastern Shore,Eastern,Eastern Region,Rural (Noncore),Rural (Counties not within micropolitan statistical areas),Rural,Nonmetropolitan,LOWER,2nd Quartile,HIGHER,4th Quartile,lower than 50% of Virginia’s localities
51003,003,us-va-003,Albemarle County                                  ,"115,857", 	15 ," 	1,003 "," $	19,145,168 "," $	7,268,659 "," $	354,403 "," $	26,768,229 ", $	231 ," $	464,357 "," $	2,729,468 "," $	213,363 "," $	7,877,343 "," $	11,284,531 ", $	97 ," $	482,532 ", $	4 ," $	5,059,990 "," $	1,242,668 "," $	6,785,189 ", $	59 ," $	44,837,949 ", $	387 ," $	22,461,780 "," $	16,522,086 "," $	5,854,083 ",39.3,90568,6.88,Blue Ridge,Northwest,Central Region,Small metro,"Counties within MSAS of 50,000 to 249,999 population",Urban,Metropolitan,HIGHER,4th Quartile,LOWER,1st Quartile,higher than 75% of Virginia’s localities
51005,005,us-va-005,Alleghany County                                  ,"14,698", 	5 , 	334 ," $	6,332,243 "," $	2,404,101 "," $	374,342 "," $	9,110,687 ", $	620 ," $	64,453 "," $	378,853 "," $	29,615 "," $	1,807,901 "," $	2,280,822 ", $	155 ," $	513,663 ", $	35 ," $	1,703,530 "," $	414,223 "," $	2,631,415 ", $	179 ," $	14,022,925 ", $	954 ," $	7,237,003 "," $	4,794,660 "," $	1,991,261 ",48.0,49705,13.96,Alleghany,Southwest,Valley Region,Rural (Noncore),Rural (Counties not within micropolitan statistical areas),Rural,Nonmetropolitan,LOWER,2nd Quartile,HIGHER,3rd Quartile,lower than 50% of Virginia’s localities
51007,007,us-va-007,Amelia County                                     ,"13,596", 	2 , 	134 ," $	2,722,367 "," $	1,033,574 "," $	18,288 "," $	3,774,230 ", $	278 ," $	15,355 "," $	90,255 "," $	7,055 "," $	628,759 "," $	741,424 ", $	55 ," $	23,348 ", $	2 ," $	590,332 "," $	165,689 "," $	779,370 ", $	57 ," $	5,295,023 ", $	389 ," $	2,935,551 "," $	1,745,759 "," $	613,713 ",45.0,57420,11.12,Piedmont,Central,Central Region,Large fringe metro,NCHS-defined “fringe” counties of MSAs of 1 million or more population,Urban,Metropolitan,LOWER,2nd Quartile,HIGHER,2nd Quartile,lower than 50% of Virginia’s localities
51009,009,us-va-009,Amherst County                                    ,"31,559", 	6 , 	401 ," $	7,354,904 "," $	2,792,364 "," $	208,616 "," $	10,355,884 ", $	328 ," $	193,472 "," $	1,137,218 "," $	88,896 "," $	3,220,917 "," $	4,640,504 ", $	147 ," $	295,745 ", $	9 ," $	1,990,263 "," $	497,067 "," $	2,783,075 ", $	88 ," $	17,779,462 ", $	563 ," $	8,768,302 "," $	6,594,487 "," $	2,416,674 ",44.9,60876,11.28,Central Virginia,Southwest,West Central Region,Medium metro,"Counties within MSAs of 250,000-999,999 population",Urban,Metropolitan,LOWER,3rd Quartile,HIGHER,2nd Quartile,higher than 50% of Virginia’s localities
51011,011,us-va-011,Appomattox County                                 ,"16,835", 	1 , 	67 ," $	1,244,437 "," $	472,463 "," $	83,599 "," $	1,800,500 ", $	107 ," $	73,704 "," $	433,226 "," $	33,865 "," $	912,187 "," $	1,452,982 ", $	86 ," $	116,742 ", $	7 ," $	1,433,664 "," $	82,845 "," $	1,633,250 ", $	97 ," $	4,886,732 ", $	290 ," $	1,704,687 "," $	2,376,785 "," $	805,260 ",42.6,55268,13.3,Central Virginia,Southwest,West Central Region,Medium metro,"Counties within MSAs of 250,000-999,999 population",Urban,Metropolitan,LOWER,2nd Quartile,HIGHER,3rd Quartile,lower than 50% of Virginia’s localities
51013,013,us-va-013,Arlington County                                  ,"235,181", 	32 ," 	2,073 "," $	33,222,938 "," $	12,613,428 "," $	1,358,314 "," $	47,194,680 ", $	201 ," $	362,376 "," $	2,130,028 "," $	166,505 "," $	10,871,861 "," $	13,530,769 ", $	58 ," $	2,202,524 ", $	9 ," $	6,540,037 "," $	2,568,180 "," $	11,310,741 ", $	48 ," $	72,036,190 ", $	306 ," $	37,928,140 "," $	23,986,669 "," $	10,121,381 ",35.1,128145,6.46,Arlington,Northern,Northern Region,Large central metro,NCHS-defined “central” counties of MSAs of 1 million or more population,Urban,Metropolitan,HIGHER,4th Quartile,LOWER,1st Quartile,higher than 75% of Virginia’s localities
51015,015,us-va-015,Augusta County                                    ,"78,250", 	7 , 	468 ," $	9,176,751 "," $	3,484,047 "," $	1,003,979 "," $	13,664,777 ", $	175 ," $	305,882 "," $	1,797,960 "," $	140,547 "," $	4,483,558 "," $	6,727,947 ", $	86 ," $	1,330,854 ", $	17 ," $	6,194,271 "," $	579,912 "," $	8,105,036 ", $	104 ," $	28,497,761 ", $	364 ," $	11,779,580 "," $	12,008,417 "," $	4,709,764 ",45.1,69082,8.37,Central Shenandoah,Northwest,Valley Region,Small metro,"Counties within MSAS of 50,000 to 249,999 population",Urban,Metropolitan,LOWER,3rd Quartile,LOWER,2nd Quartile,higher than 50% of Virginia’s localities
51017,017,us-va-017,Bath County                                       ,"4,070", 	3 , 	201 ," $	3,399,814 "," $	1,290,774 "," $	91,357 "," $	4,781,946 "," $	1,175 "," $	21,497 "," $	126,358 "," $	9,877 "," $	929,235 "," $	1,086,967 ", $	267 ," $	140,090 ", $	34 ," $	210,833 "," $	248,534 "," $	599,456 ", $	147 ," $	6,468,369 "," $	1,589 "," $	3,761,814 "," $	1,898,314 "," $	808,240 ",50.9,55807,19.18,Central Shenandoah,Northwest,Valley Region,Rural (Noncore),Rural (Counties not within micropolitan statistical areas),Rural,Nonmetropolitan,LOWER,2nd Quartile,HIGHER,4th Quartile,lower than 50% of Virginia’s localities
51019,019,us-va-019,Bedford County                                    ,"81,628", 	16 ," 	1,070 "," $	20,482,182 "," $	7,776,270 "," $	831,308 "," $	29,089,759 ", $	356 ," $	205,756 "," $	1,209,423 "," $	94,541 "," $	5,780,804 "," $	7,290,523 ", $	89 ," $	1,128,502 ", $	14 ," $	4,414,841 "," $	1,325,512 "," $	6,868,855 ", $	84 ," $	43,249,138 ", $	530 ," $	23,086,880 "," $	14,414,657 "," $	5,747,601 ",46.7,70870,8.76,Central Virginia,Southwest,West Central Region,Medium metro,"Counties within MSAs of 250,000-999,999 population",Urban,Metropolitan,LOWER,3rd Quartile,LOWER,2nd Quartile,higher than 50% of Virginia’s localities
51021,021,us-va-021,Bland County                                      ,"6,221", 	1 , 	67 ," $	1,183,336 "," $	449,266 "," $	397,472 "," $	2,030,074 ", $	326 ," $	39,923 "," $	234,664 "," $	18,344 "," $	606,332 "," $	899,263 ", $	145 ," $	583,708 ", $	94 ," $	257,216 "," $	82,845 "," $	923,768 ", $	148 ," $	3,853,105 ", $	619 ," $	1,735,610 "," $	1,275,612 "," $	841,883 ",45.8,54556,11.83,Mount Rogers,Southwest,Southwest Region,Rural (Noncore),Rural (Counties not within micropolitan statistical areas),Rural,Nonmetropolitan,LOWER,2nd Quartile,HIGHER,2nd Quartile,lower than 50% of Virginia’s localities
51023,023,us-va-023,Botetourt County                                  ,"34,154", 	6 , 	401 ," $	7,895,012 "," $	2,997,422 "," $	589,304 "," $	11,481,737 ", $	336 ," $	104,413 "," $	613,737 "," $	47,976 "," $	2,414,571 "," $	3,180,697 ", $	93 ," $	778,277 ", $	23 ," $	978,265 "," $	497,067 "," $	2,253,609 ", $	66 ," $	16,916,043 ", $	495 ," $	9,204,572 "," $	5,314,684 "," $	2,396,787 ",47.1,72941,6.72,Alleghany,Southwest,West Central Region,Medium metro,"Counties within MSAs of 250,000-999,999 population",Urban,Metropolitan,LOWER,3rd Quartile,LOWER,1st Quartile,higher than 50% of Virginia’s localities
51025,025,us-va-025,Brunswick County                                  ,"15,801", 	7 , 	468 ," $	6,587,408 "," $	2,500,977 "," $	37,931 "," $	9,126,315 ", $	578 ," $	70,633 "," $	415,175 "," $	32,454 "," $	2,353,583 "," $	2,871,844 ", $	182 ," $	70,045 ", $	4 ," $	349,983 "," $	579,912 "," $	999,939 ", $	63 ," $	12,998,099 ", $	823 ," $	7,387,142 "," $	4,010,464 "," $	1,600,493 ",43.3,49597,17.77,Southside,Central,Southside Region,Rural (Noncore),Rural (Counties not within micropolitan statistical areas),Rural,Nonmetropolitan,LOWER,1st Quartile,HIGHER,4th Quartile,lower than 75% of Virginia’s localities
51027,027,us-va-027,Buchanan County                                   ,"18,978", 	5 , 	334 ," $	5,713,061 "," $	2,169,022 "," $	260,980 "," $	8,143,063 ", $	429 ," $	165,833 "," $	974,758 "," $	76,197 "," $	2,725,805 "," $	3,942,593 ", $	208 ," $	396,921 ", $	21 ," $	716,832 "," $	414,223 "," $	1,527,976 ", $	81 ," $	13,613,632 ", $	717 ," $	6,977,726 "," $	4,716,479 "," $	1,919,428 ",47.8,37093,25.24,Cumberland Plateau,Southwest,Southwest Region,Rural (Noncore),Rural (Counties not within micropolitan statistical areas),Rural,Nonmetropolitan,LOWER,1st Quartile,HIGHER,4th Quartile,lower than 75% of Virginia’s localities
51029,029,us-va-029,Buckingham County                                 ,"16,988", 	3 , 	201 ," $	3,682,816 "," $	1,398,219 "," $	164,937 "," $	5,245,971 ", $	309 ," $	73,704 "," $	433,226 "," $	33,865 "," $	1,401,921 "," $	1,942,716 ", $	114 ," $	233,483 ", $	14 ," $	746,349 "," $	248,534 "," $	1,228,365 ", $	72 ," $	8,417,052 ", $	495 ," $	4,333,976 "," $	2,919,999 "," $	1,163,077 ",43.0,49841,14.78,Piedmont,Central,Southside Region,Small metro,"Counties within MSAS of 50,000 to 249,999 population",Urban,Metropolitan,LOWER,2nd Quartile,HIGHER,3rd Quartile,lower than 50% of Virginia’s localities
51031,031,us-va-031,Campbell County                                   ,"55,248", 	5 , 	334 ," $	5,725,084 "," $	2,173,587 "," $	358,961 "," $	8,257,632 ", $	149 ," $	135,123 "," $	794,248 "," $	62,086 "," $	2,447,755 "," $	3,439,212 ", $	62 ," $	544,794 ", $	10 ," $	4,052,209 "," $	414,223 "," $	5,011,225 ", $	91 ," $	16,708,069 ", $	302 ," $	6,940,386 "," $	7,110,896 "," $	2,656,788 ",42.8,53918,9.45,Central Virginia,Southwest,West Central Region,Medium metro,"Counties within MSAs of 250,000-999,999 population",Urban,Metropolitan,LOWER,2nd Quartile,LOWER,2nd Quartile,lower than 50% of Virginia’s localities
51033,033,us-va-033,Caroline County                                   ,"32,705", 	12 , 	803 ," $	15,975,362 "," $	6,065,210 "," $	333,884 "," $	22,374,455 ", $	684 ," $	113,626 "," $	667,890 "," $	52,209 "," $	3,967,186 "," $	4,800,912 ", $	147 ," $	435,835 ", $	13 ," $	1,703,530 "," $	994,134 "," $	3,133,499 ", $	96 ," $	30,308,866 ", $	927 ," $	17,518,018 "," $	9,219,566 "," $	3,571,282 ",39.5,76528,10.83,Rappahannock,Northwest,Central Region,Large fringe metro,NCHS-defined “fringe” counties of MSAs of 1 million or more population,Urban,Metropolitan,LOWER,3rd Quartile,HIGHER,2nd Quartile,higher than 50% of Virginia’s localities
51035,035,us-va-035,Carroll County                                    ,"29,202", 	3 , 	201 ," $	3,044,305 "," $	1,155,801 "," $	363,575 "," $	4,563,681 ", $	156 ," $	165,833 "," $	974,758 "," $	76,197 "," $	2,236,072 "," $	3,452,860 ", $	118 ," $	622,622 ", $	21 ," $	1,737,263 "," $	248,534 "," $	2,608,418 ", $	89 ," $	10,624,960 ", $	364 ," $	4,265,497 "," $	4,468,157 "," $	1,891,305 ",48.0,45220,15.19,Mount Rogers,Southwest,Southwest Region,Rural (Noncore),Rural (Counties not within micropolitan statistical areas),Rural,Nonmetropolitan,LOWER,1st Quartile,HIGHER,3rd Quartile,lower than 75% of Virginia’s localities
51036,036,us-va-036,Charles City County                               ,"6,635", 	-   , 	16 , $	-   ," $	126,603 "," $	6,213 "," $	132,816 ", $	20 ," $	9,213 "," $	54,153 "," $	4,233 "," $	104,999 "," $	172,599 ", $	26 ," $	7,783 ", $	1 ," $	261,433 "," $	19,914 "," $	289,129 ", $	44 ," $	594,544 ", $	90 ," $	143,861 "," $	336,634 "," $	114,050 ",51.4,59543,12.34,Chickahominy,Central,Central Region,Large fringe metro,NCHS-defined “fringe” counties of MSAs of 1 million or more population,Urban,Metropolitan,LOWER,3rd Quartile,HIGHER,3rd Quartile,higher than 50% of Virginia’s localities
51037,037,us-va-037,Charlotte County                                  ,"11,387", 	4 , 	268 ," $	4,028,491 "," $	1,529,458 "," $	166,887 "," $	5,724,836 ", $	503 ," $	73,704 "," $	433,226 "," $	33,865 "," $	1,646,787 "," $	2,187,582 ", $	192 ," $	287,962 ", $	25 ," $	425,882 "," $	331,378 "," $	1,045,223 ", $	92 ," $	8,957,641 ", $	787 ," $	4,747,980 "," $	2,934,254 "," $	1,275,407 ",46.6,45567,19.14,Piedmont,Central,Southside Region,Rural (Noncore),Rural (Counties not within micropolitan statistical areas),Rural,Nonmetropolitan,LOWER,1st Quartile,HIGHER,4th Quartile,lower than 75% of Virginia’s localities
51041,041,us-va-041,Chesterfield County                               ,"384,693", 	77 ," 	5,016 "," $	98,213,665 "," $	37,287,823 "," $	4,826,674 "," $	140,328,162 ", $	365 ," $	1,283,545 "," $	7,544,611 "," $	589,763 "," $	29,986,361 "," $	39,404,280 ", $	102 ," $	6,405,220 ", $	17 ," $	12,203,009 "," $	6,213,339 "," $	24,821,568 ", $	65 ," $	204,554,009 ", $	532 ," $	112,522,966 "," $	64,903,938 "," $	27,127,106 ",38.9,88315,6.91,Chesterfield,Central,Central Region,Large fringe metro,NCHS-defined “fringe” counties of MSAs of 1 million or more population,Urban,Metropolitan,HIGHER,4th Quartile,LOWER,1st Quartile,higher than 75% of Virginia’s localities
51043,043,us-va-043,Clarke County                                     ,"15,405", 	1 , 	67 ," $	1,453,298 "," $	551,759 "," $	71,595 "," $	2,076,652 ", $	135 ," $	46,065 "," $	270,766 "," $	21,166 "," $	661,942 "," $	999,939 ", $	65 ," $	85,610 ", $	6 ," $	636,715 "," $	82,845 "," $	805,170 ", $	52 ," $	3,881,762 ", $	252 ," $	1,778,726 "," $	1,550,469 "," $	552,566 ",47.6,86633,5.82,Lord Fairfax,Northwest,Northern Region,Large fringe metro,NCHS-defined “fringe” counties of MSAs of 1 million or more population,Urban,Metropolitan,HIGHER,4th Quartile,LOWER,1st Quartile,higher than 75% of Virginia’s localities
51045,045,us-va-045,Craig County                                      ,"4,827", 	-   , 	16 , $	-   ," $	144,187 "," $	35,379 "," $	179,566 ", $	37 ," $	9,213 "," $	54,153 "," $	4,233 "," $	104,999 "," $	172,599 ", $	36 ," $	38,914 ", $	8 ," $	459,616 "," $	19,914 "," $	518,443 ", $	107 ," $	870,608 ", $	180 ," $	179,485 "," $	508,602 "," $	182,522 ",49.2,60283,14.22,Alleghany,Southwest,West Central Region,Medium metro,"Counties within MSAs of 250,000-999,999 population",Urban,Metropolitan,LOWER,3rd Quartile,HIGHER,3rd Quartile,higher than 50% of Virginia’s localities
51047,047,us-va-047,Culpeper County                                   ,"55,065", 	8 , 	535 ," $	11,157,302 "," $	4,235,984 "," $	749,528 "," $	16,142,814 ", $	293 ," $	218,040 "," $	1,281,627 "," $	100,185 "," $	3,933,091 "," $	5,532,942 ", $	100 ," $	933,932 ", $	17 ," $	2,395,062 "," $	662,756 "," $	3,991,750 ", $	72 ," $	25,667,506 ", $	466 ," $	13,224,629 "," $	8,835,766 "," $	3,607,111 ",39.0,85274,7.21,Rappahannock/Rapidan,Northwest,Northern Region,Large fringe metro,NCHS-defined “fringe” counties of MSAs of 1 million or more population,Urban,Metropolitan,HIGHER,4th Quartile,LOWER,1st Quartile,higher than 75% of Virginia’s localities
51049,049,us-va-049,Cumberland County                                 ,"9,875", 	-   , 	48 , $	-   ," $	264,314 "," $	43,236 "," $	307,550 ", $	31 ," $	27,639 "," $	162,460 "," $	12,699 "," $	314,998 "," $	517,796 ", $	52 ," $	77,828 ", $	8 ," $	299,383 "," $	59,741 "," $	436,952 ", $	44 ," $	1,262,298 ", $	128 ," $	366,387 "," $	618,100 "," $	277,811 ",45.4,57568,7.13,Piedmont,Central,Southside Region,Rural (Noncore),Rural (Counties not within micropolitan statistical areas),Rural,Nonmetropolitan,LOWER,2nd Quartile,LOWER,1st Quartile,lower than 50% of Virginia’s localities
51051,051,us-va-051,Dickenson County                                  ,"13,594", 	5 , 	334 ," $	5,100,199 "," $	1,936,343 "," $	173,595 "," $	7,210,137 ", $	530 ," $	82,917 "," $	487,379 "," $	38,098 "," $	1,975,069 "," $	2,583,463 ", $	190 ," $	295,745 ", $	22 ," $	868,632 "," $	414,223 "," $	1,578,599 ", $	116 ," $	11,372,200 ", $	837 ," $	5,931,933 "," $	3,847,911 "," $	1,592,357 ",45.3,33905,21.18,Cumberland Plateau,Southwest,Southwest Region,Rural (Micropolitan),Rural (Counties in micropolitan statistical areas),Rural,Nonmetropolitan,LOWER,1st Quartile,HIGHER,4th Quartile,lower than 75% of Virginia’s localities
51053,053,us-va-053,Dinwiddie County                                  ,"28,377", 	8 , 	535 ," $	11,445,359 "," $	4,345,348 "," $	89,703 "," $	15,880,410 ", $	560 ," $	42,994 "," $	252,715 "," $	19,755 "," $	2,348,204 "," $	2,663,668 ", $	94 ," $	108,959 ", $	4 ," $	910,798 "," $	662,756 "," $	1,682,513 ", $	59 ," $	20,226,591 ", $	713 ," $	12,224,143 "," $	5,847,800 "," $	2,154,649 ",42.9,68918,10.52,Crater,Central,Central Region,Large fringe metro,NCHS-defined “fringe” counties of MSAs of 1 million or more population,Urban,Metropolitan,LOWER,3rd Quartile,HIGHER,2nd Quartile,higher than 50% of Virginia’s localities
51057,057,us-va-057,Essex County                                      ,"10,618", 	-   , 	75 , $	-   ," $	456,424 "," $	172,789 "," $	629,214 ", $	59 ," $	42,994 "," $	252,715 "," $	19,755 "," $	489,996 "," $	805,460 ", $	76 ," $	280,180 ", $	26 ," $	463,832 "," $	92,931 "," $	836,943 ", $	79 ," $	2,271,617 ", $	214 ," $	685,156 "," $	1,022,300 "," $	564,161 ",47.1,54375,16.1,Three Rivers,Eastern,Eastern Region,Rural (Noncore),Rural (Counties not within micropolitan statistical areas),Rural,Nonmetropolitan,LOWER,2nd Quartile,HIGHER,3rd Quartile,lower than 50% of Virginia’s localities
51059,059,us-va-059,Fairfax County                                    ,"1,146,677", 	113 ," 	7,424 "," $	137,184,685 "," $	52,083,569 "," $	8,485,204 "," $	197,753,458 ", $	172 ," $	2,162,863 "," $	12,713,199 "," $	993,792 "," $	46,763,009 "," $	62,632,862 ", $	55 ," $	11,930,986 ", $	10 ," $	36,495,177 "," $	9,195,742 "," $	57,621,905 ", $	50 ," $	318,008,225 ", $	277 ," $	160,656,435 "," $	111,240,599 "," $	46,111,191 ",38.3,133974,6.13,Fairfax,Northern,Northern Region,Large fringe metro,NCHS-defined “fringe” counties of MSAs of 1 million or more population,Urban,Metropolitan,HIGHER,4th Quartile,LOWER,1st Quartile,higher than 75% of Virginia’s localities
51061,061,us-va-061,Fauquier County                                   ,"75,256", 	9 , 	602 ," $	13,159,309 "," $	4,996,066 "," $	726,860 "," $	18,882,235 ", $	251 ," $	165,833 "," $	974,758 "," $	76,197 "," $	3,705,272 "," $	4,922,060 ", $	65 ," $	863,887 ", $	11 ," $	2,112,546 "," $	745,601 "," $	3,722,034 ", $	49 ," $	27,526,329 ", $	366 ," $	15,039,606 "," $	8,876,121 "," $	3,610,603 ",40.9,111368,5.88,Rappahannock/Rapidan,Northwest,Northern Region,Large fringe metro,NCHS-defined “fringe” counties of MSAs of 1 million or more population,Urban,Metropolitan,HIGHER,4th Quartile,LOWER,1st Quartile,higher than 75% of Virginia’s localities
51063,063,us-va-063,Floyd County                                      ,"15,693", 	-   , 	43 , $	-   ," $	282,759 "," $	234,159 "," $	516,918 ", $	33 ," $	24,568 "," $	144,409 "," $	11,288 "," $	279,998 "," $	460,263 ", $	29 ," $	350,225 ", $	22 ," $	885,498 "," $	53,104 "," $	1,288,826 ", $	82 ," $	2,266,007 ", $	144 ," $	514,538 "," $	1,141,847 "," $	609,623 ",48.0,51612,9.27,New River,Southwest,West Central Region,Small metro,"Counties within MSAS of 50,000 to 249,999 population",Urban,Metropolitan,LOWER,2nd Quartile,LOWER,2nd Quartile,lower than 50% of Virginia’s localities
51065,065,us-va-065,Fluvanna County                                   ,"28,480", 	3 , 	201 ," $	3,436,160 "," $	1,304,573 "," $	107,723 "," $	4,848,457 ", $	170 ," $	76,775 "," $	451,277 "," $	35,276 "," $	1,429,726 "," $	1,993,054 ", $	70 ," $	163,438 ", $	6 ," $	1,501,130 "," $	248,534 "," $	1,913,102 ", $	67 ," $	8,754,613 ", $	307 ," $	4,059,370 "," $	3,441,689 "," $	1,253,554 ",43.3,82983,4.57,Blue Ridge,Northwest,Central Region,Small metro,"Counties within MSAS of 50,000 to 249,999 population",Urban,Metropolitan,HIGHER,4th Quartile,LOWER,1st Quartile,higher than 75% of Virginia’s localities
51067,067,us-va-067,Franklin County                                   ,"55,471", 	9 , 	602 ," $	11,644,139 "," $	4,420,816 "," $	2,114,926 "," $	18,179,882 ", $	328 ," $	245,679 "," $	1,444,087 "," $	112,884 "," $	4,428,202 "," $	6,230,852 ", $	112 ," $	2,840,711 ", $	51 ," $	4,060,642 "," $	745,601 "," $	7,646,954 ", $	138 ," $	32,057,687 ", $	578 ," $	14,965,439 "," $	11,349,002 "," $	5,743,246 ",48.1,59667,13.31,West Piedmont,Southwest,West Central Region,Medium metro,"Counties within MSAs of 250,000-999,999 population",Urban,Metropolitan,LOWER,3rd Quartile,HIGHER,3rd Quartile,higher than 50% of Virginia’s localities
51069,069,us-va-069,Frederick County                                  ,"96,178", 	11 , 	736 ," $	16,422,369 "," $	6,234,921 "," $	1,123,285 "," $	23,780,575 ", $	247 ," $	326,505 "," $	1,919,182 "," $	150,023 "," $	5,649,750 "," $	8,045,459 ", $	84 ," $	1,307,505 ", $	14 ," $	5,447,922 "," $	911,290 "," $	7,666,718 ", $	80 ," $	39,492,752 ", $	411 ," $	19,456,350 "," $	14,445,138 "," $	5,591,263 ",40.4,84317,6.74,Lord Fairfax,Northwest,Valley Region,Small metro,"Counties within MSAS of 50,000 to 249,999 population",Urban,Metropolitan,HIGHER,4th Quartile,LOWER,1st Quartile,higher than 75% of Virginia’s localities
51071,071,us-va-071,Giles County                                      ,"16,461", 	3 , 	201 ," $	3,829,866 "," $	1,454,048 "," $	205,827 "," $	5,489,741 ", $	333 ," $	76,775 "," $	451,277 "," $	35,276 "," $	1,429,726 "," $	1,993,054 ", $	121 ," $	280,180 ", $	17 ," $	1,100,548 "," $	248,534 "," $	1,629,261 ", $	99 ," $	9,112,056 ", $	554 ," $	4,526,894 "," $	3,289,402 "," $	1,295,760 ",45.1,57911,10.26,New River,Southwest,West Central Region,Small metro,"Counties within MSAS of 50,000 to 249,999 population",Urban,Metropolitan,LOWER,2nd Quartile,HIGHER,2nd Quartile,lower than 50% of Virginia’s localities
51073,073,us-va-073,Gloucester County                                 ,"40,024", 	11 , 	736 ," $	13,570,124 "," $	5,152,036 "," $	464,096 "," $	19,186,256 ", $	479 ," $	135,123 "," $	794,248 "," $	62,086 "," $	3,916,955 "," $	4,908,412 ", $	123 ," $	653,753 ", $	16 ," $	2,567,945 "," $	911,290 "," $	4,132,987 ", $	103 ," $	28,227,656 ", $	705 ," $	15,249,578 "," $	9,282,142 "," $	3,695,935 ",44.5,77733,7.45,Three Rivers,Eastern,Hampton Roads Region,Large fringe metro,NCHS-defined “fringe” counties of MSAs of 1 million or more population,Urban,Metropolitan,LOWER,4th Quartile,LOWER,1st Quartile,higher than 75% of Virginia’s localities
51075,075,us-va-075,Goochland County                                  ,"27,216", 	5 , 	334 ," $	8,587,314 "," $	2,795,255 "," $	26,379 "," $	11,408,948 ", $	419 ," $	49,136 "," $	288,817 "," $	22,577 "," $	1,669,214 "," $	2,029,744 ", $	75 ," $	31,131 ", $	1 ," $	868,632 "," $	414,223 "," $	1,313,985 ", $	48 ," $	14,752,677 ", $	542 ," $	8,812,313 "," $	4,416,655 "," $	1,523,709 ",48.8,100517,4.19,Chickahominy,Central,Central Region,Large fringe metro,NCHS-defined “fringe” counties of MSAs of 1 million or more population,Urban,Metropolitan,HIGHER,4th Quartile,LOWER,1st Quartile,higher than 75% of Virginia’s localities
51077,077,us-va-077,Grayson County                                    ,"15,235", 	1 , 	67 ," $	949,074 "," $	360,325 "," $	501,556 "," $	1,810,955 ", $	119 ," $	176,240 "," $	1,035,930 "," $	80,979 "," $	1,840,564 "," $	3,133,713 ", $	206 ," $	918,367 ", $	60 ," $	847,548 "," $	82,845 "," $	1,848,760 ", $	121 ," $	6,793,428 ", $	446 ," $	2,194,757 "," $	3,007,810 "," $	1,590,860 ",48.4,43022,17.56,Mount Rogers,Southwest,Southwest Region,Rural (Noncore),Rural (Counties not within micropolitan statistical areas),Rural,Nonmetropolitan,LOWER,1st Quartile,HIGHER,4th Quartile,lower than 75% of Virginia’s localities
51079,079,us-va-079,Greene County                                     ,"21,391", 	1 , 	67 ," $	1,157,040 "," $	439,282 "," $	248,729 "," $	1,845,051 ", $	86 ," $	89,058 "," $	523,481 "," $	40,921 "," $	1,051,212 "," $	1,704,673 ", $	80 ," $	373,573 ", $	17 ," $	995,131 "," $	82,845 "," $	1,451,549 ", $	68 ," $	5,001,273 ", $	234 ," $	1,813,343 "," $	2,229,628 "," $	958,303 ",39.8,73844,10.08,Blue Ridge,Northwest,Central Region,Small metro,"Counties within MSAS of 50,000 to 249,999 population",Urban,Metropolitan,LOWER,3rd Quartile,HIGHER,2nd Quartile,higher than 50% of Virginia’s localities
51081,081,us-va-081,Greensville County                                ,"11,174", 	8 , 	535 ," $	8,365,510 "," $	3,176,051 "," $	46,832 "," $	11,588,393 "," $	1,037 "," $	51,515 "," $	302,802 "," $	23,670 "," $	2,425,356 "," $	2,803,344 ", $	251 ," $	77,828 ", $	7 ," $	640,932 "," $	662,756 "," $	1,381,516 ", $	124 ," $	15,773,253 "," $	1,412 "," $	9,152,443 "," $	4,759,672 "," $	1,861,139 ",40.4,53063,11.38,Crater,Central,Southside Region,Rural (Noncore),Rural (Counties not within micropolitan statistical areas),Rural,Nonmetropolitan,LOWER,2nd Quartile,HIGHER,2nd Quartile,lower than 50% of Virginia’s localities
51083,083,us-va-083,Halifax County                                    ,"33,434", 	7 , 	468 ," $	7,942,179 "," $	3,015,329 "," $	218,498 "," $	11,176,006 ", $	334 ," $	116,697 "," $	685,941 "," $	53,620 "," $	2,770,658 "," $	3,626,917 ", $	108 ," $	334,659 ", $	10 ," $	1,007,781 "," $	579,912 "," $	1,922,352 ", $	57 ," $	16,725,275 ", $	500 ," $	9,087,016 "," $	5,453,429 "," $	2,184,830 ",46.4,45962,15.11,Southside,Central,Southside Region,Rural (Noncore),Rural (Counties not within micropolitan statistical areas),Rural,Nonmetropolitan,LOWER,1st Quartile,HIGHER,3rd Quartile,lower than 75% of Virginia’s localities
51085,085,us-va-085,Hanover County                                    ,"114,193", 	26 ," 	1,672 "," $	37,114,706 "," $	14,090,978 "," $	1,143,594 "," $	52,349,278 ", $	458 ," $	313,240 "," $	1,841,210 "," $	143,928 "," $	8,957,780 "," $	11,256,159 ", $	99 ," $	1,338,636 ", $	12 ," $	3,423,926 "," $	2,071,113 "," $	6,833,676 ", $	60 ," $	70,439,113 ", $	617 ," $	41,003,251 "," $	21,159,513 "," $	8,276,349 ",42.1,96911,5.47,Chickahominy,Central,Central Region,Large fringe metro,NCHS-defined “fringe” counties of MSAs of 1 million or more population,Urban,Metropolitan,HIGHER,4th Quartile,LOWER,1st Quartile,higher than 75% of Virginia’s localities
51087,087,us-va-087,Henrico County                                    ,"335,729", 	107 ," 	7,023 "," $	128,552,203 "," $	48,806,159 "," $	3,481,781 "," $	180,840,144 ", $	539 ," $	1,867,157 "," $	10,975,058 "," $	857,922 "," $	42,616,460 "," $	56,316,597 ", $	168 ," $	4,942,059 ", $	15 ," $	12,523,475 "," $	8,698,675 "," $	26,164,209 ", $	78 ," $	263,320,950 ", $	784 ," $	146,367,813 "," $	83,738,068 "," $	33,215,069 ",39.2,76345,8.15,Henrico,Central,Central Region,Large fringe metro,NCHS-defined “fringe” counties of MSAs of 1 million or more population,Urban,Metropolitan,LOWER,3rd Quartile,LOWER,2nd Quartile,higher than 50% of Virginia’s localities
51089,089,us-va-089,Henry County                                      ,"49,636", 	28 ," 	1,806 "," $	28,204,464 "," $	10,708,113 "," $	799,996 "," $	39,712,573 ", $	800 ," $	418,417 "," $	2,459,435 "," $	192,254 "," $	10,399,798 "," $	13,469,904 ", $	271 ," $	1,330,854 ", $	27 ," $	3,457,660 "," $	2,236,802 "," $	7,025,315 ", $	142 ," $	60,207,793 "," $	1,213 "," $	32,451,959 "," $	19,661,771 "," $	8,094,063 ",48.0,41103,14.89,West Piedmont,Southwest,Southside Region,Rural (Micropolitan),Rural (Counties in micropolitan statistical areas),Rural,Nonmetropolitan,LOWER,1st Quartile,HIGHER,3rd Quartile,lower than 75% of Virginia’s localities
51091,091,us-va-091,Highland County                                   ,"2,351", 	-   , 	-   , $	-   , $	-   ," $	8,694 "," $	8,694 ", $	4 , $	-   , $	-   , $	-   , $	-   , $	-   , $	-   ," $	15,566 ", $	7 ," $	134,933 ", $	-   ," $	150,499 ", $	64 ," $	159,193 ", $	68 ," $	7,291 "," $	110,947 "," $	40,955 ",56.5,52901,12.62,Central Shenandoah,Northwest,Valley Region,Rural (Noncore),Rural (Counties not within micropolitan statistical areas),Rural,Nonmetropolitan,LOWER,2nd Quartile,HIGHER,3rd Quartile,lower than 50% of Virginia’s localities
51093,093,us-va-093,Isle of Wight County                              ,"40,667", 	5 , 	334 ," $	7,471,341 "," $	2,836,571 "," $	200,765 "," $	10,508,677 ", $	258 ," $	168,904 "," $	992,810 "," $	77,608 "," $	2,753,610 "," $	3,992,932 ", $	98 ," $	233,483 ", $	6 ," $	1,315,597 "," $	414,223 "," $	1,963,303 ", $	48 ," $	16,464,912 ", $	405 ," $	8,699,607 "," $	5,709,038 "," $	2,056,267 ",44.4,84673,8.82,Western Tidewater,Eastern,Hampton Roads Region,Large fringe metro,NCHS-defined “fringe” counties of MSAs of 1 million or more population,Urban,Metropolitan,HIGHER,4th Quartile,LOWER,2nd Quartile,higher than 75% of Virginia’s localities
51095,095,us-va-095,James City County                                 ,"82,346", 	7 , 	468 ," $	8,259,400 "," $	3,135,766 "," $	258,931 "," $	11,654,096 ", $	142 ," $	316,311 "," $	1,859,262 "," $	145,339 "," $	4,577,985 "," $	6,898,896 ", $	84 ," $	381,356 ", $	5 ," $	3,272,127 "," $	579,912 "," $	4,233,394 ", $	51 ," $	22,786,387 ", $	277 ," $	10,325,156 "," $	9,187,545 "," $	3,273,686 ",46.8,94907,6.91,Peninsula,Eastern,Hampton Roads Region,Large fringe metro,NCHS-defined “fringe” counties of MSAs of 1 million or more population,Urban,Metropolitan,HIGHER,4th Quartile,LOWER,1st Quartile,higher than 75% of Virginia’s localities
51097,097,us-va-097,King and Queen County                             ,"6,746", 	-   , 	48 , $	-   ," $	417,394 "," $	40,966 "," $	458,361 ", $	68 ," $	27,639 "," $	162,460 "," $	12,699 "," $	314,998 "," $	517,796 ", $	77 ," $	46,697 ", $	7 ," $	438,532 "," $	59,741 "," $	544,971 ", $	81 ," $	1,521,127 ", $	225 ," $	474,808 "," $	755,274 "," $	291,045 ",48.2,61672,14.27,Three Rivers,Eastern,Eastern Region,Rural (Noncore),Rural (Counties not within micropolitan statistical areas),Rural,Nonmetropolitan,LOWER,3rd Quartile,HIGHER,3rd Quartile,higher than 50% of Virginia’s localities
51099,099,us-va-099,King George County                                ,"28,422", 	7 , 	468 ," $	12,149,781 "," $	4,612,789 "," $	652,961 "," $	17,415,531 ", $	613 ," $	58,349 "," $	342,971 "," $	26,810 "," $	2,242,362 "," $	2,670,492 ", $	94 ," $	653,753 ", $	23 ," $	1,045,731 "," $	579,912 "," $	2,279,396 ", $	80 ," $	22,365,418 ", $	787 ," $	13,358,437 "," $	6,383,067 "," $	2,623,914 ",38.3,101599,6.5,Rappahannock,Northwest,Northern Region,Rural (Noncore),Rural (Counties not within micropolitan statistical areas),Rural,Nonmetropolitan,HIGHER,4th Quartile,LOWER,1st Quartile,higher than 75% of Virginia’s localities
51101,101,us-va-101,King William County                               ,"19,035", 	2 , 	134 ," $	3,236,394 "," $	1,228,730 "," $	246,404 "," $	4,711,529 ", $	248 ," $	55,278 "," $	324,919 "," $	25,399 "," $	990,224 "," $	1,395,820 ", $	73 ," $	264,614 ", $	14 ," $	889,715 "," $	165,689 "," $	1,320,018 ", $	69 ," $	7,427,367 ", $	390 ," $	3,800,908 "," $	2,600,011 "," $	1,026,448 ",40.6,74592,7.75,Three Rivers,Eastern,Central Region,Large fringe metro,NCHS-defined “fringe” counties of MSAs of 1 million or more population,Urban,Metropolitan,LOWER,3rd Quartile,LOWER,1st Quartile,higher than 50% of Virginia’s localities
51103,103,us-va-103,Lancaster County                                  ,"10,927", 	2 , 	134 ," $	2,599,609 "," $	986,968 "," $	17,464 "," $	3,604,041 ", $	330 ," $	58,349 "," $	342,971 "," $	26,810 "," $	1,018,029 "," $	1,446,158 ", $	132 ," $	23,348 ", $	2 ," $	252,999 "," $	165,689 "," $	442,037 ", $	40 ," $	5,492,236 ", $	503 ," $	3,001,601 "," $	1,838,526 "," $	652,109 ",57.1,64460,10.89,Three Rivers,Eastern,Eastern Region,Rural (Noncore),Rural (Counties not within micropolitan statistical areas),Rural,Nonmetropolitan,LOWER,3rd Quartile,HIGHER,2nd Quartile,higher than 50% of Virginia’s localities
51105,105,us-va-105,Lee County                                        ,"21,761", 	6 , 	401 ," $	7,457,561 "," $	2,831,339 "," $	629,016 "," $	10,917,916 ", $	502 ," $	95,200 "," $	559,584 "," $	43,743 "," $	2,331,156 "," $	3,029,683 ", $	139 ," $	879,453 ", $	40 ," $	2,036,646 "," $	497,067 "," $	3,413,166 ", $	157 ," $	17,360,765 ", $	798 ," $	8,762,612 "," $	5,956,612 "," $	2,641,541 ",45.6,37574,26.17,Lenowisco,Southwest,Southwest Region,Rural (Noncore),Rural (Counties not within micropolitan statistical areas),Rural,Nonmetropolitan,LOWER,1st Quartile,HIGHER,4th Quartile,lower than 75% of Virginia’s localities
51107,107,us-va-107,Loudoun County                                    ,"437,164", 	23 ," 	1,538 "," $	34,096,606 "," $	12,945,125 "," $	1,639,901 "," $	48,681,632 ", $	111 ," $	611,126 "," $	3,592,165 "," $	280,800 "," $	11,165,134 "," $	15,649,226 ", $	36 ," $	1,922,344 ", $	4 ," $	13,678,839 "," $	1,905,424 "," $	17,506,608 ", $	40 ," $	81,837,465 ", $	187 ," $	39,586,784 "," $	30,967,121 "," $	11,283,561 ",36.9,156821,3.32,Loudoun,Northern,Northern Region,Large fringe metro,NCHS-defined “fringe” counties of MSAs of 1 million or more population,Urban,Metropolitan,HIGHER,4th Quartile,LOWER,1st Quartile,higher than 75% of Virginia’s localities
51109,109,us-va-109,Louisa County                                     ,"41,008", 	9 , 	602 ," $	11,315,357 "," $	4,295,991 "," $	106,984 "," $	15,718,332 ", $	383 ," $	135,123 "," $	794,248 "," $	62,086 "," $	3,427,221 "," $	4,418,679 ", $	108 ," $	147,873 ", $	4 ," $	1,969,179 "," $	745,601 "," $	2,862,653 ", $	70 ," $	22,999,664 ", $	561 ," $	12,585,388 "," $	7,650,997 "," $	2,763,279 ",44.9,70974,10.8,Blue Ridge,Northwest,Central Region,Rural (Noncore),Rural (Counties not within micropolitan statistical areas),Rural,Nonmetropolitan,LOWER,3rd Quartile,HIGHER,2nd Quartile,higher than 50% of Virginia’s localities
51111,111,us-va-111,Lunenburg County                                  ,"12,042", 	2 , 	134 ," $	2,344,846 "," $	890,245 "," $	94,514 "," $	3,329,604 ", $	276 ," $	21,497 "," $	126,358 "," $	9,877 "," $	684,369 "," $	842,100 ", $	70 ," $	140,090 ", $	12 ," $	548,166 "," $	165,689 "," $	853,944 ", $	71 ," $	5,025,649 ", $	417 ," $	2,645,134 "," $	1,692,110 "," $	688,405 ",43.9,47269,14.02,Piedmont,Central,Southside Region,Rural (Noncore),Rural (Counties not within micropolitan statistical areas),Rural,Nonmetropolitan,LOWER,1st Quartile,HIGHER,3rd Quartile,lower than 75% of Virginia’s localities
51113,113,us-va-113,Madison County                                    ,"14,135", 	3 , 	201 ," $	3,417,756 "," $	1,297,586 "," $	76,533 "," $	4,791,875 ", $	339 ," $	33,781 "," $	198,562 "," $	15,522 "," $	1,040,455 "," $	1,288,320 ", $	91 ," $	116,742 ", $	8 ," $	813,815 "," $	248,534 "," $	1,179,090 ", $	83 ," $	7,259,285 ", $	514 ," $	3,824,290 "," $	2,483,909 "," $	951,086 ",46.5,72349,8.66,Rappahannock/Rapidan,Northwest,Central Region,Rural (Noncore),Rural (Counties not within micropolitan statistical areas),Rural,Nonmetropolitan,LOWER,3rd Quartile,LOWER,2nd Quartile,higher than 50% of Virginia’s localities
51115,115,us-va-115,Mathews County                                    ,"8,568", 	1 , 	67 ," $	1,164,839 "," $	442,243 "," $	119,986 "," $	1,727,069 ", $	202 ," $	30,710 "," $	180,511 "," $	14,111 "," $	522,917 "," $	748,248 ", $	87 ," $	179,004 ", $	21 ," $	430,099 "," $	82,845 "," $	691,947 ", $	81 ," $	3,167,264 ", $	370 ," $	1,460,600 "," $	1,186,223 "," $	520,441 ",53.4,73229,8.04,Three Rivers,Eastern,Hampton Roads Region,Large fringe metro,NCHS-defined “fringe” counties of MSAs of 1 million or more population,Urban,Metropolitan,LOWER,3rd Quartile,LOWER,2nd Quartile,higher than 50% of Virginia’s localities
51117,117,us-va-117,Mecklenburg County                                ,"30,622", 	12 , 	803 ," $	12,479,457 "," $	4,737,953 "," $	228,217 "," $	17,445,627 ", $	570 ," $	116,697 "," $	685,941 "," $	53,620 "," $	3,994,991 "," $	4,851,250 ", $	158 ," $	381,356 ", $	12 ," $	1,138,498 "," $	994,134 "," $	2,513,988 ", $	82 ," $	24,810,865 ", $	810 ," $	13,959,373 "," $	7,703,975 "," $	3,147,517 ",48.4,46378,17.92,Southside,Central,Southside Region,Rural (Noncore),Rural (Counties not within micropolitan statistical areas),Rural,Nonmetropolitan,LOWER,1st Quartile,HIGHER,4th Quartile,lower than 75% of Virginia’s localities
51119,119,us-va-119,Middlesex County                                  ,"10,938", 	1 , 	67 ," $	998,768 "," $	379,193 "," $	26,838 "," $	1,404,799 ", $	128 ," $	15,355 "," $	90,255 "," $	7,055 "," $	383,892 "," $	496,557 ", $	45 ," $	46,697 ", $	4 ," $	632,499 "," $	82,845 "," $	762,040 ", $	70 ," $	2,663,397 ", $	243 ," $	1,154,900 "," $	1,108,832 "," $	399,665 ",54.8,63782,9.76,Three Rivers,Eastern,Eastern Region,Rural (Noncore),Rural (Counties not within micropolitan statistical areas),Rural,Nonmetropolitan,LOWER,3rd Quartile,LOWER,2nd Quartile,higher than 50% of Virginia’s localities
51121,121,us-va-121,Montgomery County                                 ,"99,134", 	9 , 	602 ," $	10,878,924 "," $	4,130,295 "," $	1,385,865 "," $	16,395,084 ", $	165 ," $	214,970 "," $	1,263,580 "," $	98,774 "," $	4,150,159 "," $	5,727,483 ", $	58 ," $	1,992,389 ", $	20 ," $	4,237,742 "," $	745,601 "," $	6,975,731 ", $	70 ," $	29,098,298 ", $	294 ," $	13,505,631 "," $	10,656,794 "," $	4,935,873 ",30.1,60666,24.77,New River,Southwest,West Central Region,Small metro,"Counties within MSAS of 50,000 to 249,999 population",Urban,Metropolitan,LOWER,3rd Quartile,HIGHER,4th Quartile,higher than 50% of Virginia’s localities
51125,125,us-va-125,Nelson County                                     ,"14,625", 	-   , 	118 , $	-   ," $	898,157 "," $	72,125 "," $	970,282 ", $	66 ," $	67,562 "," $	397,124 "," $	31,043 "," $	769,994 "," $	1,265,723 ", $	87 ," $	93,393 ", $	6 ," $	704,182 "," $	146,035 "," $	943,610 ", $	65 ," $	3,179,615 ", $	217 ," $	1,050,037 "," $	1,519,816 "," $	609,762 ",51.8,67707,12.5,Blue Ridge,Northwest,Central Region,Small metro,"Counties within MSAS of 50,000 to 249,999 population",Urban,Metropolitan,LOWER,3rd Quartile,HIGHER,3rd Quartile,higher than 50% of Virginia’s localities
51127,127,us-va-127,New Kent County                                   ,"26,211", 	2 , 	134 ," $	2,384,896 "," $	1,031,749 "," $	395,548 "," $	3,812,193 ", $	145 ," $	92,129 "," $	541,532 "," $	42,332 "," $	1,323,884 "," $	1,999,878 ", $	76 ," $	505,880 ", $	19 ," $	1,155,364 "," $	165,689 "," $	1,826,933 ", $	70 ," $	7,639,005 ", $	291 ," $	3,322,850 "," $	2,993,543 "," $	1,322,612 ",42.1,101628,4.64,Chickahominy,Central,Central Region,Large fringe metro,NCHS-defined “fringe” counties of MSAs of 1 million or more population,Urban,Metropolitan,HIGHER,4th Quartile,LOWER,1st Quartile,higher than 75% of Virginia’s localities
51131,131,us-va-131,Northampton County                                ,"12,026", 	-   , 	48 , $	-   ," $	349,197 "," $	34,273 "," $	383,470 ", $	32 ," $	27,639 "," $	162,460 "," $	12,699 "," $	314,998 "," $	517,796 ", $	43 ," $	46,697 ", $	4 ," $	185,533 "," $	59,741 "," $	291,971 ", $	24 ," $	1,193,237 ", $	99 ," $	419,828 "," $	539,613 "," $	233,796 ",50.7,50347,16.49,Eastern Shore,Eastern,Eastern Region,Rural (Noncore),Rural (Counties not within micropolitan statistical areas),Rural,Nonmetropolitan,LOWER,2nd Quartile,HIGHER,3rd Quartile,lower than 50% of Virginia’s localities
51133,133,us-va-133,Northumberland County                             ,"12,388", 	2 , 	134 ," $	2,589,298 "," $	828,774 "," $	4,888 "," $	3,422,960 ", $	276 ," $	36,852 "," $	216,613 "," $	16,933 "," $	823,394 "," $	1,093,791 ", $	88 ," $	7,783 ", $	1 ," $	662,015 "," $	165,689 "," $	835,487 ", $	67 ," $	5,352,239 ", $	432 ," $	2,775,994 "," $	1,919,640 "," $	656,604 ",59.8,61291,15.55,Three Rivers,Eastern,Eastern Region,Rural (Noncore),Rural (Counties not within micropolitan statistical areas),Rural,Nonmetropolitan,LOWER,3rd Quartile,HIGHER,3rd Quartile,higher than 50% of Virginia’s localities
51135,135,us-va-135,Nottoway County                                   ,"15,570", 	4 , 	268 ," $	4,975,407 "," $	1,888,964 "," $	133,696 "," $	6,998,067 ", $	449 ," $	52,207 "," $	306,868 "," $	23,988 "," $	1,452,152 "," $	1,835,215 ", $	118 ," $	186,786 ", $	12 ," $	607,199 "," $	331,378 "," $	1,125,363 ", $	72 ," $	9,958,645 ", $	640 ," $	5,571,359 "," $	3,141,990 "," $	1,245,296 ",41.0,54614,16.54,Piedmont,Central,Southside Region,Rural (Noncore),Rural (Counties not within micropolitan statistical areas),Rural,Nonmetropolitan,LOWER,2nd Quartile,HIGHER,3rd Quartile,lower than 50% of Virginia’s localities
51137,137,us-va-137,Orange County                                     ,"38,487", 	9 , 	602 ," $	11,409,414 "," $	4,331,701 "," $	266,843 "," $	16,007,958 ", $	416 ," $	101,342 "," $	595,686 "," $	46,565 "," $	3,121,366 "," $	3,864,959 ", $	100 ," $	365,790 ", $	10 ," $	1,927,013 "," $	745,601 "," $	3,038,404 ", $	79 ," $	22,911,321 ", $	595 ," $	12,653,727 "," $	7,410,448 "," $	2,847,146 ",42.5,79211,11.33,Rappahannock/Rapidan,Northwest,Central Region,Rural (Noncore),Rural (Counties not within micropolitan statistical areas),Rural,Nonmetropolitan,LOWER,4th Quartile,HIGHER,2nd Quartile,higher than 75% of Virginia’s localities
51139,139,us-va-139,Page County                                       ,"23,682", 	3 , 	201 ," $	3,240,279 "," $	1,230,205 "," $	749,774 "," $	5,220,258 ", $	220 ," $	101,342 "," $	595,686 "," $	46,565 "," $	1,652,166 "," $	2,395,759 ", $	101 ," $	1,206,329 ", $	51 ," $	1,256,564 "," $	248,534 "," $	2,711,427 ", $	114 ," $	10,327,444 ", $	436 ," $	4,476,180 "," $	3,747,395 "," $	2,103,868 ",45.3,53168,12.33,Lord Fairfax,Northwest,Valley Region,Rural (Noncore),Rural (Counties not within micropolitan statistical areas),Rural,Nonmetropolitan,LOWER,2nd Quartile,HIGHER,3rd Quartile,lower than 50% of Virginia’s localities
51141,141,us-va-141,Patrick County                                    ,"17,440", 	2 , 	134 ," $	2,199,954 "," $	835,235 "," $	389,178 "," $	3,424,367 ", $	196 ," $	70,633 "," $	415,175 "," $	32,454 "," $	1,129,249 "," $	1,647,511 ", $	94 ," $	614,839 ", $	35 ," $	906,582 "," $	165,689 "," $	1,687,109 ", $	97 ," $	6,758,987 ", $	388 ," $	2,950,319 "," $	2,533,942 "," $	1,274,727 ",50.4,47215,10.79,West Piedmont,Southwest,Southside Region,Rural (Noncore),Rural (Counties not within micropolitan statistical areas),Rural,Nonmetropolitan,LOWER,1st Quartile,HIGHER,2nd Quartile,lower than 75% of Virginia’s localities
51143,143,us-va-143,Pittsylvania County                               ,"59,581", 	14 , 	936 ," $	15,479,523 "," $	5,876,959 "," $	84,181 "," $	21,440,664 ", $	360 ," $	356,268 "," $	2,094,123 "," $	163,698 "," $	6,653,822 "," $	9,267,910 ", $	156 ," $	132,307 ", $	2 ," $	2,947,444 "," $	1,159,823 "," $	4,239,575 ", $	71 ," $	34,948,149 ", $	587 ," $	18,040,406 "," $	12,472,441 "," $	4,435,301 ",47.8,49486,15.17,Pittsylvania/Danville,Southwest,Southside Region,Rural (Micropolitan),Rural (Counties in micropolitan statistical areas),Rural,Nonmetropolitan,LOWER,1st Quartile,HIGHER,3rd Quartile,lower than 75% of Virginia’s localities
51145,145,us-va-145,Powhatan County                                   ,"32,113", 	4 , 	268 ," $	6,141,078 "," $	2,331,523 "," $	89,385 "," $	8,561,987 ", $	267 ," $	82,917 "," $	487,379 "," $	38,098 "," $	1,730,203 "," $	2,338,597 ", $	73 ," $	101,176 ", $	3 ," $	1,130,064 "," $	331,378 "," $	1,562,619 ", $	49 ," $	12,463,202 ", $	388 ," $	6,837,866 "," $	4,166,288 "," $	1,459,048 ",45.6,101395,4.48,Chesterfield,Central,Central Region,Large fringe metro,NCHS-defined “fringe” counties of MSAs of 1 million or more population,Urban,Metropolitan,HIGHER,4th Quartile,LOWER,1st Quartile,higher than 75% of Virginia’s localities
51147,147,us-va-147,Prince Edward County                              ,"21,998", 	3 , 	201 ," $	2,531,757 "," $	961,207 "," $	34,016 "," $	3,526,980 ", $	160 ," $	89,058 "," $	523,481 "," $	40,921 "," $	1,540,946 "," $	2,194,406 ", $	100 ," $	70,045 ", $	3 ," $	758,998 "," $	248,534 "," $	1,077,577 ", $	49 ," $	6,798,963 ", $	309 ," $	3,151,210 "," $	2,661,690 "," $	986,062 ",32.3,49019,23.57,Piedmont,Central,Southside Region,Rural (Noncore),Rural (Counties not within micropolitan statistical areas),Rural,Nonmetropolitan,LOWER,1st Quartile,HIGHER,4th Quartile,lower than 75% of Virginia’s localities
51149,149,us-va-149,Prince George County                              ,"43,048", 	13 , 	869 ," $	17,578,762 "," $	6,673,957 "," $	520,812 "," $	24,773,530 ", $	575 ," $	498,118 "," $	2,927,911 "," $	228,875 "," $	7,693,282 "," $	11,348,187 ", $	264 ," $	669,318 ", $	16 ," $	1,530,647 "," $	1,076,979 "," $	3,276,944 ", $	76 ," $	39,398,661 ", $	915 ," $	21,031,149 "," $	13,347,072 "," $	5,020,440 ",37.1,78895,9.25,Crater,Central,Central Region,Large fringe metro,NCHS-defined “fringe” counties of MSAs of 1 million or more population,Urban,Metropolitan,LOWER,4th Quartile,LOWER,2nd Quartile,higher than 75% of Virginia’s localities
51153,153,us-va-153,Prince William County                             ,"491,578", 	56 ," 	3,678 "," $	75,363,578 "," $	28,612,553 "," $	6,382,189 "," $	110,358,320 ", $	224 ," $	977,907 "," $	5,748,086 "," $	449,329 "," $	22,321,746 "," $	29,497,067 ", $	60 ," $	8,094,081 ", $	16 ," $	23,925,319 "," $	4,556,449 "," $	36,575,848 ", $	74 ," $	176,431,235 ", $	359 ," $	88,247,539 "," $	61,984,958 "," $	26,198,738 ",35.7,113831,5.8,Prince William,Northern,Northern Region,Large fringe metro,NCHS-defined “fringe” counties of MSAs of 1 million or more population,Urban,Metropolitan,HIGHER,4th Quartile,LOWER,1st Quartile,higher than 75% of Virginia’s localities
51155,155,us-va-155,Pulaski County                                    ,"33,607", 	12 , 	803 ," $	13,772,017 "," $	5,228,687 "," $	606,507 "," $	19,607,211 ", $	583 ," $	270,246 "," $	1,588,495 "," $	124,173 "," $	5,385,243 "," $	7,368,157 ", $	219 ," $	918,367 ", $	27 ," $	3,280,560 "," $	994,134 "," $	5,193,061 ", $	155 ," $	32,168,430 ", $	957 ," $	16,230,757 "," $	11,379,009 "," $	4,558,664 ",47.2,55446,12.84,New River,Southwest,West Central Region,Small metro,"Counties within MSAS of 50,000 to 249,999 population",Urban,Metropolitan,LOWER,2nd Quartile,HIGHER,3rd Quartile,lower than 50% of Virginia’s localities
51157,157,us-va-157,Rappahannock County                               ,"7,455", 	1 , 	67 ," $	1,789,324 "," $	679,335 "," $	160,272 "," $	2,628,931 ", $	353 ," $	9,213 "," $	54,153 "," $	4,233 "," $	328,282 "," $	395,881 ", $	53 ," $	155,655 ", $	21 ," $	404,799 "," $	82,845 "," $	643,299 ", $	86 ," $	3,668,111 ", $	492 ," $	2,017,446 "," $	1,163,445 "," $	487,220 ",48.2,90307,6.11,Rappahannock/Rapidan,Northwest,Northern Region,Large fringe metro,NCHS-defined “fringe” counties of MSAs of 1 million or more population,Urban,Metropolitan,HIGHER,4th Quartile,LOWER,1st Quartile,higher than 75% of Virginia’s localities
51159,159,us-va-159,Richmond County                                   ,"9,162", 	1 , 	67 ," $	1,518,931 "," $	576,678 "," $	47,618 "," $	2,143,227 ", $	234 ," $	33,781 "," $	198,562 "," $	15,522 "," $	550,722 "," $	798,586 ", $	87 ," $	54,479 ", $	6 ," $	320,466 "," $	82,845 "," $	457,790 ", $	50 ," $	3,399,603 ", $	371 ," $	1,770,429 "," $	1,197,525 "," $	431,649 ",44.3,57697,10.3,Three Rivers,Eastern,Eastern Region,Rural (Noncore),Rural (Counties not within micropolitan statistical areas),Rural,Nonmetropolitan,LOWER,2nd Quartile,HIGHER,2nd Quartile,lower than 50% of Virginia’s localities
51161,161,us-va-161,Roanoke County                                    ,"97,263", 	24 ," 	1,605 "," $	30,686,279 "," $	11,650,360 "," $	939,105 "," $	43,275,744 ", $	445 ," $	783,199 "," $	4,603,607 "," $	359,865 "," $	12,967,977 "," $	18,714,647 ", $	192 ," $	1,276,374 ", $	13 ," $	6,632,803 "," $	1,988,269 "," $	9,897,446 ", $	102 ," $	71,887,838 ", $	739 ," $	36,454,983 "," $	25,844,689 "," $	9,588,167 ",43.6,74622,6.92,Alleghany,Southwest,West Central Region,Medium metro,"Counties within MSAs of 250,000-999,999 population",Urban,Metropolitan,LOWER,3rd Quartile,LOWER,1st Quartile,higher than 50% of Virginia’s localities
51163,163,us-va-163,Rockbridge County                                 ,"22,394", 	1 , 	67 ," $	1,078,058 "," $	409,296 "," $	395,907 "," $	1,883,261 ", $	84 ," $	86,614 "," $	509,113 "," $	39,797 "," $	1,029,081 "," $	1,664,605 ", $	74 ," $	638,187 ", $	28 ," $	1,690,880 "," $	82,845 "," $	2,411,912 ", $	108 ," $	5,959,778 ", $	266 ," $	1,842,331 "," $	2,811,279 "," $	1,306,168 ",49.2,57828,10.3,Central Shenandoah,Northwest,Valley Region,Rural (Noncore),Rural (Counties not within micropolitan statistical areas),Rural,Nonmetropolitan,LOWER,2nd Quartile,HIGHER,2nd Quartile,lower than 50% of Virginia’s localities
51165,165,us-va-165,Rockingham County                                 ,"86,630", 	7 , 	468 ," $	9,085,901 "," $	3,449,555 "," $	1,040,544 "," $	13,576,000 ", $	157 ," $	165,783 "," $	974,464 "," $	76,174 "," $	3,215,085 "," $	4,431,505 ", $	51 ," $	1,393,116 ", $	16 ," $	7,008,086 "," $	579,912 "," $	8,981,113 ", $	104 ," $	26,988,619 ", $	312 ," $	11,100,073 "," $	11,350,656 "," $	4,537,890 ",40.3,67484,7.6,Central Shenandoah,Northwest,Valley Region,Small metro,"Counties within MSAS of 50,000 to 249,999 population",Urban,Metropolitan,LOWER,3rd Quartile,LOWER,1st Quartile,higher than 50% of Virginia’s localities
51167,167,us-va-167,Russell County                                    ,"25,502", 	6 , 	401 ," $	6,349,785 "," $	2,410,761 "," $	284,378 "," $	9,044,924 ", $	355 ," $	138,194 "," $	812,299 "," $	63,497 "," $	2,720,426 "," $	3,734,417 ", $	146 ," $	466,966 ", $	18 ," $	2,205,312 "," $	497,067 "," $	3,169,346 ", $	124 ," $	15,948,686 ", $	625 ," $	7,581,675 "," $	5,996,208 "," $	2,370,803 ",46.8,41100,18.5,Cumberland Plateau,Southwest,Southwest Region,Rural (Noncore),Rural (Counties not within micropolitan statistical areas),Rural,Nonmetropolitan,LOWER,1st Quartile,HIGHER,4th Quartile,lower than 75% of Virginia’s localities
51169,169,us-va-169,Scott County                                      ,"21,444", 	2 , 	134 ," $	2,221,225 "," $	843,311 "," $	661,533 "," $	3,726,070 ", $	174 ," $	15,355 "," $	90,255 "," $	7,055 "," $	628,759 "," $	741,424 ", $	35 ," $	1,035,108 ", $	48 ," $	1,581,247 "," $	165,689 "," $	2,782,044 ", $	130 ," $	7,249,538 ", $	338 ," $	2,942,103 "," $	2,699,106 "," $	1,608,330 ",47.2,42561,15.37,Lenowisco,Southwest,Southwest Region,Medium metro,"Counties within MSAs of 250,000-999,999 population",Urban,Metropolitan,LOWER,1st Quartile,HIGHER,3rd Quartile,lower than 75% of Virginia’s localities
51171,171,us-va-171,Shenandoah County                                 ,"45,185", 	7 , 	468 ," $	9,127,765 "," $	3,465,450 "," $	478,870 "," $	13,072,085 ", $	289 ," $	202,685 "," $	1,191,371 "," $	93,130 "," $	3,549,199 "," $	5,036,385 ", $	111 ," $	638,187 ", $	14 ," $	3,516,693 "," $	579,912 "," $	4,734,792 ", $	105 ," $	22,843,261 ", $	506 ," $	10,859,395 "," $	8,693,937 "," $	3,289,930 ",44.2,58609,11.39,Lord Fairfax,Northwest,Valley Region,Rural (Noncore),Rural (Counties not within micropolitan statistical areas),Rural,Nonmetropolitan,LOWER,2nd Quartile,HIGHER,2nd Quartile,lower than 50% of Virginia’s localities
51173,173,us-va-173,Smyth County                                      ,"29,187", 	6 , 	401 ," $	6,686,797 "," $	2,538,711 "," $	489,137 "," $	9,714,645 ", $	333 ," $	178,117 "," $	1,046,963 "," $	81,841 "," $	3,081,892 "," $	4,388,813 ", $	150 ," $	762,711 ", $	26 ," $	2,513,128 "," $	497,067 "," $	3,772,907 ", $	129 ," $	17,876,365 ", $	612 ," $	8,255,402 "," $	6,807,878 "," $	2,813,085 ",45.2,42588,18.93,Mount Rogers,Southwest,Southwest Region,Rural (Noncore),Rural (Counties not within micropolitan statistical areas),Rural,Nonmetropolitan,LOWER,1st Quartile,HIGHER,4th Quartile,lower than 75% of Virginia’s localities
51175,175,us-va-175,Southampton County                                ,"18,000", 	1 , 	67 ," $	1,190,026 "," $	451,805 "," $	15,989 "," $	1,657,820 ", $	92 ," $	98,725 "," $	580,302 "," $	45,362 "," $	1,138,736 "," $	1,863,125 ", $	104 ," $	23,348 ", $	1 ," $	324,683 "," $	82,845 "," $	430,876 ", $	24 ," $	3,951,820 ", $	220 ," $	1,705,250 "," $	1,685,870 "," $	560,700 ",47.2,65079,6.8,Western Tidewater,Eastern,Southside Region,Rural (Noncore),Rural (Counties not within micropolitan statistical areas),Rural,Nonmetropolitan,LOWER,3rd Quartile,LOWER,1st Quartile,higher than 50% of Virginia’s localities
51177,177,us-va-177,Spotsylvania County                               ,"149,614", 	29 ," 	1,873 "," $	38,550,771 "," $	14,636,195 "," $	641,277 "," $	53,828,243 ", $	360 ," $	383,873 "," $	2,256,385 "," $	176,382 "," $	10,331,896 "," $	13,148,536 ", $	88 ," $	809,408 ", $	5 ," $	5,734,655 "," $	2,319,647 "," $	8,863,710 ", $	59 ," $	75,840,489 ", $	507 ," $	42,572,034 "," $	24,311,081 "," $	8,957,374 ",38.2,98973,7.11,Rappahannock,Northwest,Northern Region,Large fringe metro,NCHS-defined “fringe” counties of MSAs of 1 million or more population,Urban,Metropolitan,HIGHER,4th Quartile,LOWER,1st Quartile,higher than 75% of Virginia’s localities
51179,179,us-va-179,Stafford County                                   ,"165,821", 	22 ," 	1,471 "," $	33,023,110 "," $	12,537,562 "," $	3,737,727 "," $	49,298,398 ", $	297 ," $	227,253 "," $	1,335,780 "," $	104,418 "," $	7,444,639 "," $	9,112,090 ", $	55 ," $	4,327,220 ", $	26 ," $	5,519,606 "," $	1,822,579 "," $	11,669,405 ", $	70 ," $	70,079,894 ", $	423 ," $	38,335,121 "," $	21,434,618 "," $	10,310,156 ",35.9,119818,5.11,Rappahannock,Northwest,Northern Region,Large fringe metro,NCHS-defined “fringe” counties of MSAs of 1 million or more population,Urban,Metropolitan,HIGHER,4th Quartile,LOWER,1st Quartile,higher than 75% of Virginia’s localities
51181,181,us-va-181,Surry County                                      ,"6,575", 	1 , 	67 ," $	1,304,275 "," $	495,181 "," $	17,524 "," $	1,816,980 ", $	276 ," $	24,568 "," $	144,409 "," $	11,288 "," $	467,307 "," $	647,572 ", $	98 ," $	23,348 ", $	4 ," $	206,616 "," $	82,845 "," $	312,809 ", $	48 ," $	2,777,361 ", $	422 ," $	1,491,928 "," $	945,332 "," $	340,101 ",50.4,61105,14.78,Crater,Central,Hampton Roads Region,Rural (Noncore),Rural (Counties not within micropolitan statistical areas),Rural,Nonmetropolitan,LOWER,3rd Quartile,HIGHER,3rd Quartile,higher than 50% of Virginia’s localities
51183,183,us-va-183,Sussex County                                     ,"10,794", 	6 , 	401 ," $	6,389,183 "," $	2,425,719 "," $	28,614 "," $	8,843,516 ", $	819 ," $	135,123 "," $	794,248 "," $	62,086 "," $	2,692,621 "," $	3,684,079 ", $	341 ," $	46,697 ", $	4 ," $	269,866 "," $	497,067 "," $	813,630 ", $	75 ," $	13,341,224 "," $	1,236 "," $	7,400,488 "," $	4,323,736 "," $	1,617,000 ",40.6,56968,10.52,Crater,Central,Southside Region,Large fringe metro,NCHS-defined “fringe” counties of MSAs of 1 million or more population,Urban,Metropolitan,LOWER,2nd Quartile,HIGHER,2nd Quartile,lower than 50% of Virginia’s localities
51185,185,us-va-185,Tazewell County                                   ,"39,222", 	24 ," 	1,605 "," $	28,679,740 "," $	10,888,557 "," $	1,519,917 "," $	41,088,214 "," $	1,048 "," $	221,111 "," $	1,299,678 "," $	101,596 "," $	7,878,763 "," $	9,501,147 ", $	242 ," $	2,210,307 ", $	56 ," $	2,972,744 "," $	1,988,269 "," $	7,171,319 ", $	183 ," $	57,760,681 "," $	1,473 "," $	32,408,075 "," $	17,475,392 "," $	7,877,213 ",45.1,42937,17.6,Cumberland Plateau,Southwest,Southwest Region,Rural (Micropolitan),Rural (Counties in micropolitan statistical areas),Rural,Nonmetropolitan,LOWER,1st Quartile,HIGHER,4th Quartile,lower than 75% of Virginia’s localities
51187,187,us-va-187,Warren County                                     ,"41,982", 	9 , 	602 ," $	11,810,888 "," $	4,484,124 "," $	1,140,195 "," $	17,435,208 ", $	415 ," $	138,194 "," $	812,299 "," $	63,497 "," $	3,455,027 "," $	4,469,017 ", $	106 ," $	1,509,857 ", $	36 ," $	2,863,111 "," $	745,601 "," $	5,118,569 ", $	122 ," $	27,022,794 ", $	644 ," $	13,896,435 "," $	9,010,108 "," $	4,116,252 ",41.3,72840,10.9,Lord Fairfax,Northwest,Northern Region,Large fringe metro,NCHS-defined “fringe” counties of MSAs of 1 million or more population,Urban,Metropolitan,LOWER,3rd Quartile,HIGHER,2nd Quartile,higher than 50% of Virginia’s localities
51191,191,us-va-191,Washington County                                 ,"54,028", 	9 , 	602 ," $	10,302,932 "," $	3,911,614 "," $	1,174,063 "," $	15,388,608 ", $	285 ," $	140,816 "," $	827,711 "," $	64,702 "," $	3,478,766 "," $	4,511,995 ", $	84 ," $	1,782,254 ", $	33 ," $	3,588,376 "," $	745,601 "," $	6,116,231 ", $	113 ," $	26,016,835 ", $	482 ," $	12,438,828 "," $	9,202,311 "," $	4,375,697 ",46.6,54737,12.71,Mount Rogers,Southwest,Southwest Region,Medium metro,"Counties within MSAs of 250,000-999,999 population",Urban,Metropolitan,LOWER,2nd Quartile,HIGHER,3rd Quartile,lower than 50% of Virginia’s localities
51193,193,us-va-193,Westmoreland County                               ,"18,918", 	6 , 	401 ," $	7,659,732 "," $	2,908,096 "," $	165,805 "," $	10,733,632 ", $	567 ," $	30,710 "," $	180,511 "," $	14,111 "," $	1,747,250 "," $	1,972,582 ", $	104 ," $	225,700 ", $	12 ," $	881,282 "," $	497,067 "," $	1,604,049 ", $	85 ," $	14,310,263 ", $	756 ," $	8,315,464 "," $	4,293,841 "," $	1,700,957 ",47.9,53113,16.34,Three Rivers,Eastern,Eastern Region,Rural (Noncore),Rural (Counties not within micropolitan statistical areas),Rural,Nonmetropolitan,LOWER,2nd Quartile,HIGHER,3rd Quartile,lower than 50% of Virginia’s localities
51195,195,us-va-195,Wise County                                       ,"35,191", 	15 ," 	1,003 "," $	14,336,448 "," $	5,442,979 "," $	406,641 "," $	20,186,069 ", $	574 ," $	304,449 "," $	1,789,535 "," $	139,888 "," $	6,429,515 "," $	8,663,387 ", $	246 ," $	739,363 ", $	21 ," $	2,913,711 "," $	1,242,668 "," $	4,895,742 ", $	139 ," $	33,745,197 ", $	959 ," $	16,991,908 "," $	11,952,714 "," $	4,800,575 ",41.5,44884,19.73,Lenowisco,Southwest,Southwest Region,Rural (Micropolitan),Rural (Counties in micropolitan statistical areas),Rural,Nonmetropolitan,LOWER,1st Quartile,HIGHER,4th Quartile,lower than 75% of Virginia’s localities
51197,197,us-va-197,Wythe County                                      ,"28,171", 	5 , 	334 ," $	6,009,473 "," $	2,281,558 "," $	398,323 "," $	8,689,355 ", $	308 ," $	239,537 "," $	1,407,984 "," $	110,062 "," $	3,393,126 "," $	5,150,709 ", $	183 ," $	575,925 ", $	20 ," $	1,728,830 "," $	414,223 "," $	2,718,977 ", $	97 ," $	16,559,041 ", $	588 ," $	7,709,270 "," $	6,344,847 "," $	2,504,924 ",45.8,52726,15.24,Mount Rogers,Southwest,Southwest Region,Rural (Noncore),Rural (Counties not within micropolitan statistical areas),Rural,Nonmetropolitan,LOWER,2nd Quartile,HIGHER,3rd Quartile,lower than 50% of Virginia’s localities
51199,199,us-va-199,York County                                       ,"71,046", 	1 , 	67 ," $	1,406,162 "," $	533,864 "," $	421,937 "," $	2,361,962 ", $	33 ," $	162,762 "," $	956,707 "," $	74,786 "," $	1,718,533 "," $	2,912,789 ", $	41 ," $	521,446 ", $	7 ," $	3,073,944 "," $	82,845 "," $	3,678,234 ", $	52 ," $	8,952,985 ", $	126 ," $	2,525,633 "," $	4,685,420 "," $	1,741,932 ",39.7,96144,4.85,Peninsula,Eastern,Hampton Roads Region,Large fringe metro,NCHS-defined “fringe” counties of MSAs of 1 million or more population,Urban,Metropolitan,HIGHER,4th Quartile,LOWER,1st Quartile,higher than 75% of Virginia’s localities
51510,510,us-va-510,Alexandria City                                   ,"156,271", 	22 ," 	1,471 "," $	22,578,554 "," $	8,572,179 "," $	900,880 "," $	32,051,612 ", $	205 ," $	343,950 "," $	2,021,721 "," $	158,038 "," $	8,501,230 "," $	11,024,940 ", $	71 ," $	1,525,423 ", $	10 ," $	6,375,587 "," $	1,822,579 "," $	9,723,590 ", $	62 ," $	52,800,142 ", $	338 ," $	26,261,017 "," $	18,861,285 "," $	7,677,841 ",37.1,105450,9.58,Alexandria,Northern,Northern Region,Large central metro,NCHS-defined “central” counties of MSAs of 1 million or more population,Urban,Metropolitan,HIGHER,4th Quartile,LOWER,2nd Quartile,higher than 75% of Virginia’s localities
51520,520,us-va-520,Bristol City                                      ,"16,668", 	3 , 	201 ," $	3,627,048 "," $	1,377,046 "," $	1,034,196 "," $	6,038,290 ", $	362 ," $	43,443 "," $	255,354 "," $	19,961 "," $	1,127,936 "," $	1,446,694 ", $	87 ," $	1,486,509 ", $	89 ," $	2,947,444 "," $	248,534 "," $	4,682,487 ", $	281 ," $	12,167,470 ", $	730 ," $	4,827,907 "," $	4,776,792 "," $	2,562,771 ",43.4,43879,17.72,Mount Rogers,Southwest,Southwest Region,Medium metro,"Counties within MSAs of 250,000-999,999 population",Urban,Metropolitan,LOWER,1st Quartile,HIGHER,4th Quartile,lower than 75% of Virginia’s localities
51530,530,us-va-530,Buena Vista City                                  ,"6,574", 	-   , 	44 , $	-   ," $	286,460 "," $	249,588 "," $	536,048 ", $	82 ," $	25,426 "," $	149,456 "," $	11,683 "," $	289,784 "," $	476,349 ", $	72 ," $	381,356 ", $	58 , $	-   ," $	54,959 "," $	436,315 ", $	66 ," $	1,448,713 ", $	220 ," $	531,260 "," $	464,184 "," $	453,268 ",35.9,42156,21.43,Central Shenandoah,Northwest,Valley Region,Rural (Noncore),Rural (Counties not within micropolitan statistical areas),Rural,Nonmetropolitan,LOWER,1st Quartile,HIGHER,4th Quartile,lower than 75% of Virginia’s localities
51540,540,us-va-540,Charlottesville City                              ,"45,047", 	11 , 	736 ," $	9,979,299 "," $	3,788,743 "," $	65,008 "," $	13,833,049 ", $	307 ," $	180,549 "," $	1,061,259 "," $	82,959 "," $	4,328,247 "," $	5,653,015 ", $	125 ," $	124,524 ", $	3 ," $	2,285,429 "," $	911,290 "," $	3,321,243 ", $	74 ," $	22,807,307 ", $	506 ," $	11,553,941 "," $	8,198,678 "," $	3,054,688 ",32.5,63470,23.09,Blue Ridge,Northwest,Central Region,Small metro,"Counties within MSAS of 50,000 to 249,999 population",Urban,Metropolitan,LOWER,3rd Quartile,HIGHER,4th Quartile,higher than 50% of Virginia’s localities
51550,550,us-va-550,Chesapeake City                                   ,"253,967", 	59 ," 	3,879 "," $	76,702,873 "," $	29,121,031 "," $	3,056,123 "," $	108,880,027 ", $	429 ," $	1,041,063 "," $	6,119,317 "," $	478,348 "," $	23,628,173 "," $	31,266,901 ", $	123 ," $	4,015,909 ", $	16 ," $	8,964,615 "," $	4,804,982 "," $	17,785,507 ", $	70 ," $	157,932,435 ", $	622 ," $	87,455,506 "," $	50,175,613 "," $	20,301,315 ",37.1,85563,7.95,Chesapeake,Eastern,Hampton Roads Region,Large fringe metro,NCHS-defined “fringe” counties of MSAs of 1 million or more population,Urban,Metropolitan,HIGHER,4th Quartile,LOWER,2nd Quartile,higher than 75% of Virginia’s localities
51570,570,us-va-570,Colonial Heights City                             ,"18,446", 	4 , 	268 ," $	4,901,913 "," $	1,861,061 "," $	455,534 "," $	7,218,508 ", $	391 ," $	61,546 "," $	361,764 "," $	28,279 "," $	1,536,710 "," $	1,988,299 ", $	108 ," $	645,970 ", $	35 ," $	71,683 "," $	331,378 "," $	1,049,031 ", $	57 ," $	10,255,838 ", $	556 ," $	5,788,134 "," $	2,938,818 "," $	1,528,886 ",39.0,65570,8.99,Chesterfield,Central,Central Region,Large fringe metro,NCHS-defined “fringe” counties of MSAs of 1 million or more population,Urban,Metropolitan,LOWER,3rd Quartile,LOWER,2nd Quartile,higher than 50% of Virginia’s localities
51580,580,us-va-580,Covington City                                    ,"5,611", 	-   , 	43 , $	-   ," $	205,353 "," $	147,160 "," $	352,512 ", $	63 ," $	24,605 "," $	144,628 "," $	11,306 "," $	280,424 "," $	460,963 ", $	82 ," $	303,528 ", $	54 ," $	286,733 "," $	53,184 "," $	643,445 ", $	115 ," $	1,456,920 ", $	260 ," $	392,126 "," $	626,192 "," $	438,602 ",42.2,41242,15.83,Alleghany,Southwest,Valley Region,Rural (Noncore),Rural (Counties not within micropolitan statistical areas),Rural,Nonmetropolitan,LOWER,1st Quartile,HIGHER,3rd Quartile,lower than 75% of Virginia’s localities
51590,590,us-va-590,Danville City                                     ,"42,108", 	26 ," 	1,672 "," $	24,151,495 "," $	9,169,362 "," $	428,328 "," $	33,749,186 ", $	801 ," $	251,787 "," $	1,479,991 "," $	115,691 "," $	8,401,375 "," $	10,248,844 ", $	243 ," $	770,494 ", $	18 ," $	2,715,528 "," $	2,071,113 "," $	5,557,135 ", $	132 ," $	49,555,165 "," $	1,177 "," $	27,241,095 "," $	15,822,157 "," $	6,491,913 ",40.9,38904,23.1,Pittsylvania/Danville,Southwest,Southside Region,Rural (Micropolitan),Rural (Counties in micropolitan statistical areas),Rural,Nonmetropolitan,LOWER,1st Quartile,HIGHER,4th Quartile,lower than 75% of Virginia’s localities
51595,595,us-va-595,Emporia City                                      ,"5,479", 	-   , 	44 , $	-   ," $	282,998 "," $	96,241 "," $	379,240 ", $	69 ," $	25,260 "," $	148,475 "," $	11,606 "," $	287,881 "," $	473,222 ", $	86 ," $	147,873 ", $	27 ," $	21,083 "," $	54,599 "," $	223,555 ", $	41 ," $	1,076,016 ", $	196 ," $	408,077 "," $	401,814 "," $	266,125 ",39.2,36111,21.48,Crater,Central,Southside Region,Rural (Noncore),Rural (Counties not within micropolitan statistical areas),Rural,Nonmetropolitan,LOWER,1st Quartile,HIGHER,4th Quartile,lower than 75% of Virginia’s localities
51600,600,us-va-600,Fairfax City                                      ,"25,426", 	5 , 	334 ," $	6,754,434 "," $	2,564,390 "," $	66,550 "," $	9,385,374 ", $	369 ," $	47,959 "," $	281,898 "," $	22,036 "," $	1,658,556 "," $	2,010,448 ", $	79 ," $	85,610 ", $	3 ," $	8,433 "," $	414,223 "," $	508,266 ", $	20 ," $	11,904,089 ", $	468 ," $	7,341,525 "," $	3,291,546 "," $	1,271,018 ",37.7,118492,10.07,Fairfax,Northern,Northern Region,Large fringe metro,NCHS-defined “fringe” counties of MSAs of 1 million or more population,Urban,Metropolitan,HIGHER,4th Quartile,HIGHER,2nd Quartile,higher than 75% of Virginia’s localities
51610,610,us-va-610,Falls Church City                                 ,"14,805", 	1 , 	67 ," $	1,109,811 "," $	421,351 "," $	29,822 "," $	1,560,984 ", $	105 ," $	27,925 "," $	164,143 "," $	12,831 "," $	497,705 "," $	702,604 ", $	47 ," $	46,697 ", $	3 , $	-   ," $	82,845 "," $	129,541 ", $	9 ," $	2,393,129 ", $	162 ," $	1,321,713 "," $	761,312 "," $	310,105 ",39.3,155071,2.48,Fairfax,Northern,Northern Region,Large fringe metro,NCHS-defined “fringe” counties of MSAs of 1 million or more population,Urban,Metropolitan,HIGHER,4th Quartile,LOWER,1st Quartile,higher than 75% of Virginia’s localities
51620,620,us-va-620,Franklin City                                     ,"8,316", 	3 , 	201 ," $	4,075,134 "," $	1,547,166 "," $	139,922 "," $	5,762,223 ", $	693 ," $	45,611 "," $	268,099 "," $	20,957 "," $	1,147,568 "," $	1,482,235 ", $	178 ," $	179,004 ", $	22 ," $	758,998 "," $	248,534 "," $	1,186,536 ", $	143 ," $	8,430,994 "," $	1,014 "," $	4,581,380 "," $	2,775,472 "," $	1,074,141 ",39.0,49424,19.79,Western Tidewater,Eastern,Southside Region,Rural (Noncore),Rural (Counties not within micropolitan statistical areas),Rural,Nonmetropolitan,LOWER,1st Quartile,HIGHER,4th Quartile,lower than 75% of Virginia’s localities
51630,630,us-va-630,Fredericksburg City                               ,"29,226", 	9 , 	602 ," $	10,354,816 "," $	3,931,312 "," $	669,855 "," $	14,955,982 ", $	512 ," $	116,697 "," $	685,941 "," $	53,620 "," $	3,260,391 "," $	4,116,650 ", $	141 ," $	1,011,760 ", $	35 ," $	1,918,580 "," $	745,601 "," $	3,675,940 ", $	126 ," $	22,748,573 ", $	778 ," $	11,984,575 "," $	7,430,269 "," $	3,333,729 ",30.7,72293,14.29,Rappahannock,Northwest,Northern Region,Large fringe metro,NCHS-defined “fringe” counties of MSAs of 1 million or more population,Urban,Metropolitan,LOWER,3rd Quartile,HIGHER,3rd Quartile,higher than 50% of Virginia’s localities
51640,640,us-va-640,Galax City                                        ,"6,799", 	2 , 	134 ," $	1,664,717 "," $	632,027 "," $	357,865 "," $	2,654,608 ", $	390 ," $	78,652 "," $	462,310 "," $	36,139 "," $	1,201,853 "," $	1,778,953 ", $	262 ," $	747,146 ", $	110 ," $	868,632 "," $	165,689 "," $	1,781,467 ", $	262 ," $	6,215,028 ", $	914 ," $	2,433,417 "," $	2,431,871 "," $	1,349,740 ",42.1,39808,21.95,Mount Rogers,Southwest,Southwest Region,Rural (Noncore),Rural (Counties not within micropolitan statistical areas),Rural,Nonmetropolitan,LOWER,1st Quartile,HIGHER,4th Quartile,lower than 75% of Virginia’s localities
51650,650,us-va-650,Hampton City                                      ,"137,157", 	54 ," 	3,545 "," $	59,661,445 "," $	22,651,078 "," $	1,220,031 "," $	83,532,554 ", $	609 ," $	651,048 "," $	3,826,830 "," $	299,144 "," $	18,872,601 "," $	23,649,622 ", $	172 ," $	1,883,430 ", $	14 ," $	5,869,588 "," $	4,390,760 "," $	12,143,778 ", $	89 ," $	119,325,955 ", $	870 ," $	66,956,537 "," $	37,405,323 "," $	14,964,094 ",36.3,59380,14.36,Hampton,Eastern,Hampton Roads Region,Large fringe metro,NCHS-defined “fringe” counties of MSAs of 1 million or more population,Urban,Metropolitan,LOWER,2nd Quartile,HIGHER,3rd Quartile,lower than 50% of Virginia’s localities
51660,660,us-va-660,Harrisonburg City                                 ,"51,378", 	4 , 	268 ," $	4,629,392 "," $	1,757,596 "," $	1,300,994 "," $	7,687,982 ", $	150 ," $	98,322 "," $	577,929 "," $	45,177 "," $	1,869,681 "," $	2,591,109 ", $	50 ," $	1,953,475 ", $	38 ," $	3,394,410 "," $	331,378 "," $	5,679,263 ", $	111 ," $	15,958,354 ", $	311 ," $	6,350,445 "," $	6,234,131 "," $	3,373,778 ",25.5,51055,25.81,Central Shenandoah,Northwest,Valley Region,Small metro,"Counties within MSAS of 50,000 to 249,999 population",Urban,Metropolitan,LOWER,2nd Quartile,HIGHER,4th Quartile,lower than 50% of Virginia’s localities
51670,670,us-va-670,Hopewell City                                     ,"22,883", 	24 ," 	1,605 "," $	27,972,421 "," $	10,620,016 "," $	506,323 "," $	39,098,760 "," $	1,709 "," $	264,784 "," $	1,556,388 "," $	121,663 "," $	8,274,187 "," $	10,217,022 ", $	446 ," $	754,929 ", $	33 ," $	1,577,030 "," $	1,988,269 "," $	4,320,227 ", $	189 ," $	53,636,010 "," $	2,344 "," $	31,101,505 "," $	16,074,535 "," $	6,459,970 ",35.8,44209,23.99,Crater,Central,Central Region,Large fringe metro,NCHS-defined “fringe” counties of MSAs of 1 million or more population,Urban,Metropolitan,LOWER,1st Quartile,HIGHER,4th Quartile,lower than 75% of Virginia’s localities
51678,678,us-va-678,Lexington City                                    ,"7,556", 	-   , 	51 ,," $	360,111 "," $	77,995 "," $	438,106 ", $	58 ," $	29,225 "," $	171,781 "," $	13,428 "," $	333,071 "," $	547,504 ", $	72 ," $	108,959 ", $	14 , $	-   ," $	63,169 "," $	172,128 ", $	23 ," $	1,157,738 ", $	153 ," $	469,219 "," $	434,237 "," $	254,282 ",22.4,66114,22.8,Central Shenandoah,Northwest,Valley Region,Rural (Noncore),Rural (Counties not within micropolitan statistical areas),Rural,Nonmetropolitan,LOWER,3rd Quartile,HIGHER,4th Quartile,higher than 50% of Virginia’s localities
51680,680,us-va-680,Lynchburg City                                    ,"79,775", 	20 ," 	1,338 "," $	19,223,779 "," $	7,298,504 "," $	1,355,991 "," $	27,878,275 ", $	349 ," $	460,647 "," $	2,707,662 "," $	211,658 "," $	9,068,088 "," $	12,448,056 ", $	156 ," $	2,451,573 ", $	31 ," $	4,305,208 "," $	1,656,890 "," $	8,413,671 ", $	105 ," $	48,740,002 ", $	611 ," $	23,652,578 "," $	17,251,189 "," $	7,836,234 ",28.6,54015,17.6,Central Virginia,Southwest,West Central Region,Medium metro,"Counties within MSAs of 250,000-999,999 population",Urban,Metropolitan,LOWER,2nd Quartile,HIGHER,4th Quartile,lower than 50% of Virginia’s localities
51683,683,us-va-683,Manassas City                                     ,"43,087", 	12 , 	803 ," $	17,942,687 "," $	6,812,125 "," $	1,727,681 "," $	26,482,493 ", $	615 ," $	85,714 "," $	503,822 "," $	39,384 "," $	3,714,464 "," $	4,343,383 ", $	101 ," $	2,007,955 ", $	47 ," $	2,449,878 "," $	994,134 "," $	5,451,967 ", $	127 ," $	36,277,843 ", $	842 ," $	20,430,684 "," $	10,743,944 "," $	5,103,215 ",35.0,101934,5.62,Prince William,Northern,Northern Region,Large fringe metro,NCHS-defined “fringe” counties of MSAs of 1 million or more population,Urban,Metropolitan,HIGHER,4th Quartile,LOWER,1st Quartile,higher than 75% of Virginia’s localities
51685,685,us-va-685,Manassas Park City                                ,"16,448", 	3 , 	201 ," $	5,373,336 "," $	2,040,042 "," $	88,237 "," $	7,501,615 ", $	456 ," $	32,720 "," $	192,329 "," $	15,034 "," $	1,030,854 "," $	1,270,937 ", $	77 ," $	85,610 ", $	5 ," $	1,121,631 "," $	248,534 "," $	1,455,775 ", $	89 ," $	10,228,328 ", $	622 ," $	5,781,189 "," $	3,309,583 "," $	1,137,555 ",35.5,90544,4.4,Prince William,Northern,Northern Region,Large fringe metro,NCHS-defined “fringe” counties of MSAs of 1 million or more population,Urban,Metropolitan,HIGHER,4th Quartile,LOWER,1st Quartile,higher than 75% of Virginia’s localities
51690,690,us-va-690,Martinsville City                                 ,"13,753", 	6 , 	401 ," $	5,843,711 "," $	2,218,625 "," $	449,275 "," $	8,511,610 ", $	619 ," $	115,934 "," $	681,453 "," $	53,269 "," $	2,518,878 "," $	3,369,535 ", $	245 ," $	801,625 ", $	58 ," $	118,066 "," $	497,067 "," $	1,416,759 ", $	103 ," $	13,297,904 ", $	967 ," $	7,103,493 "," $	4,091,632 "," $	2,102,779 ",40.6,36832,25.37,West Piedmont,Southwest,Southside Region,Rural (Micropolitan),Rural (Counties in micropolitan statistical areas),Rural,Nonmetropolitan,LOWER,1st Quartile,HIGHER,4th Quartile,lower than 75% of Virginia’s localities
51700,700,us-va-700,Newport News City                                 ,"183,249", 	58 ," 	3,812 "," $	69,678,293 "," $	26,454,077 "," $	2,162,506 "," $	98,294,875 ", $	536 ," $	1,077,915 "," $	6,335,930 "," $	495,280 "," $	23,716,966 "," $	31,626,092 ", $	173 ," $	3,074,194 ", $	17 ," $	8,614,633 "," $	4,722,138 "," $	16,410,965 ", $	90 ," $	146,331,931 ", $	799 ," $	79,851,920 "," $	47,578,057 "," $	18,901,955 ",33.9,57463,15.77,Peninsula,Eastern,Hampton Roads Region,Large fringe metro,NCHS-defined “fringe” counties of MSAs of 1 million or more population,Urban,Metropolitan,LOWER,2nd Quartile,HIGHER,3rd Quartile,lower than 50% of Virginia’s localities
51710,710,us-va-710,Norfolk City                                      ,"231,378", 	123 ," 	8,093 "," $	137,685,364 "," $	52,273,657 "," $	1,075,282 "," $	191,034,303 ", $	826 ," $	1,928,577 "," $	11,336,080 "," $	886,143 "," $	47,090,428 "," $	61,241,228 ", $	265 ," $	1,642,164 ", $	7 ," $	11,427,144 "," $	10,024,187 "," $	23,093,495 ", $	100 ," $	275,369,026 "," $	1,190 "," $	154,950,674 "," $	87,504,579 "," $	32,913,772 ",30.9,56244,17.4,Norfolk City,Eastern,Hampton Roads Region,Large central metro,NCHS-defined “central” counties of MSAs of 1 million or more population,Urban,Metropolitan,LOWER,2nd Quartile,HIGHER,4th Quartile,lower than 50% of Virginia’s localities
51720,720,us-va-720,Norton City                                       ,"3,501", 	2 , 	134 ," $	3,317,349 "," $	1,259,465 "," $	259,996 "," $	4,836,810 "," $	1,382 "," $	30,288 "," $	178,033 "," $	13,917 "," $	763,967 "," $	986,205 ", $	282 ," $	272,397 ", $	78 ," $	451,182 "," $	165,689 "," $	889,268 ", $	254 ," $	6,712,284 "," $	1,917 "," $	3,779,996 "," $	2,053,903 "," $	878,385 ",41.2,35592,28.28,Lenowisco,Southwest,Southwest Region,Rural (Micropolitan),Rural (Counties in micropolitan statistical areas),Rural,Nonmetropolitan,LOWER,1st Quartile,HIGHER,4th Quartile,lower than 75% of Virginia’s localities
51730,730,us-va-730,Petersburg City                                   ,"33,328", 	35 ," 	2,274 "," $	34,553,478 "," $	13,118,581 "," $	273,087 "," $	47,945,147 "," $	1,439 "," $	385,646 "," $	2,266,805 "," $	177,196 "," $	11,817,147 "," $	14,646,794 ", $	439 ," $	466,966 ", $	14 ," $	1,901,713 "," $	2,816,714 "," $	5,185,393 ", $	156 ," $	67,777,333 "," $	2,034 "," $	38,693,187 "," $	20,852,695 "," $	8,231,452 ",37.2,44890,21.33,Crater,Central,Central Region,Large fringe metro,NCHS-defined “fringe” counties of MSAs of 1 million or more population,Urban,Metropolitan,LOWER,1st Quartile,HIGHER,4th Quartile,lower than 75% of Virginia’s localities
51735,735,us-va-735,Poquoson City                                     ,"12,613", 	3 , 	201 ," $	4,917,018 "," $	1,866,796 "," $	58,723 "," $	6,842,538 ", $	542 ," $	27,639 "," $	162,460 "," $	12,699 "," $	984,845 "," $	1,187,643 ", $	94 ," $	62,262 ", $	5 ," $	105,416 "," $	248,534 "," $	416,212 ", $	33 ," $	8,446,393 ", $	670 ," $	5,277,592 "," $	2,313,129 "," $	855,672 ",43.0,112026,4.42,Peninsula,Eastern,Hampton Roads Region,Large fringe metro,NCHS-defined “fringe” counties of MSAs of 1 million or more population,Urban,Metropolitan,HIGHER,4th Quartile,LOWER,1st Quartile,higher than 75% of Virginia’s localities
51740,740,us-va-740,Portsmouth City                                   ,"96,782", 	79 ," 	5,150 "," $	78,649,883 "," $	29,860,233 "," $	599,261 "," $	109,109,377 "," $	1,127 "," $	1,799,596 "," $	10,577,934 "," $	826,878 "," $	35,148,482 "," $	48,352,891 ", $	500 ," $	1,019,543 ", $	11 ," $	4,882,890 "," $	6,379,028 "," $	12,281,461 ", $	127 ," $	169,743,729 "," $	1,754 "," $	92,110,240 "," $	56,316,373 "," $	21,317,116 ",35.5,54020,17.17,Portsmouth,Eastern,Hampton Roads Region,Large fringe metro,NCHS-defined “fringe” counties of MSAs of 1 million or more population,Urban,Metropolitan,LOWER,2nd Quartile,HIGHER,4th Quartile,lower than 50% of Virginia’s localities
51750,750,us-va-750,Radford City                                      ,"16,994", 	2 , 	134 ," $	1,951,541 "," $	740,923 "," $	126,731 "," $	2,819,195 ", $	166 ," $	36,851 "," $	216,609 "," $	16,932 "," $	823,387 "," $	1,093,779 ", $	64 ," $	225,700 ", $	13 ," $	1,066,815 "," $	165,689 "," $	1,458,204 ", $	86 ," $	5,371,178 ", $	316 ," $	2,348,360 "," $	2,144,439 "," $	878,378 ",23.6,44360,35.39,New River,Southwest,West Central Region,Small metro,"Counties within MSAS of 50,000 to 249,999 population",Urban,Metropolitan,LOWER,1st Quartile,HIGHER,4th Quartile,lower than 75% of Virginia’s localities
51760,760,us-va-760,Richmond City                                     ,"230,383", 	275 ," 	18,058 "," $	268,177,548 "," $	101,816,350 "," $	1,085,390 "," $	371,079,288 "," $	1,611 "," $	3,322,803 "," $	19,531,271 "," $	1,526,762 "," $	96,199,049 "," $	120,579,885 ", $	523 ," $	1,898,996 ", $	8 ," $	10,157,930 "," $	22,368,021 "," $	34,424,946 ", $	149 ," $	526,084,120 "," $	2,284 "," $	301,342,977 "," $	161,636,476 "," $	63,104,666 ",34.4,54795,19.78,Richmond City,Central,Central Region,Large central metro,NCHS-defined “central” counties of MSAs of 1 million or more population,Urban,Metropolitan,LOWER,2nd Quartile,HIGHER,4th Quartile,lower than 50% of Virginia’s localities
51770,770,us-va-770,Roanoke City                                      ,"97,503", 	81 ," 	5,284 "," $	82,560,703 "," $	31,345,016 "," $	1,493,050 "," $	115,398,769 "," $	1,184 "," $	785,132 "," $	4,614,966 "," $	360,752 "," $	26,453,143 "," $	32,213,994 ", $	330 ," $	2,482,704 ", $	25 ," $	12,637,325 "," $	6,544,717 "," $	21,664,746 ", $	222 ," $	169,277,509 "," $	1,736 "," $	92,385,287 "," $	55,036,248 "," $	21,855,974 ",38.0,48476,18.4,Roanoke City,Southwest,West Central Region,Medium metro,"Counties within MSAs of 250,000-999,999 population",Urban,Metropolitan,LOWER,1st Quartile,HIGHER,4th Quartile,lower than 75% of Virginia’s localities
51775,775,us-va-775,Salem City                                        ,"25,669", 	11 , 	736 ," $	12,369,000 "," $	4,696,017 "," $	367,623 "," $	17,432,640 ", $	679 ," $	206,697 "," $	1,214,953 "," $	94,973 "," $	4,564,989 "," $	6,081,612 ", $	237 ," $	568,142 ", $	22 ," $	25,300 "," $	911,290 "," $	1,504,732 ", $	59 ," $	25,018,984 ", $	975 ," $	14,285,843 "," $	7,536,954 "," $	3,196,187 ",40.8,66472,9.95,Alleghany,Southwest,West Central Region,Medium metro,"Counties within MSAs of 250,000-999,999 population",Urban,Metropolitan,LOWER,3rd Quartile,HIGHER,2nd Quartile,higher than 50% of Virginia’s localities
51790,790,us-va-790,Staunton City                                     ,"25,936", 	4 , 	268 ," $	4,279,309 "," $	1,624,683 "," $	474,336 "," $	6,378,328 ", $	246 ," $	101,385 "," $	595,935 "," $	46,584 "," $	1,897,416 "," $	2,641,320 ", $	102 ," $	770,494 ", $	30 ," $	2,217,962 "," $	331,378 "," $	3,319,835 ", $	128 ," $	12,339,482 ", $	476 ," $	5,367,330 "," $	4,831,735 "," $	2,140,418 ",40.9,53041,12.28,Central Shenandoah,Northwest,Valley Region,Small metro,"Counties within MSAS of 50,000 to 249,999 population",Urban,Metropolitan,LOWER,2nd Quartile,HIGHER,3rd Quartile,lower than 50% of Virginia’s localities
51800,800,us-va-800,Suffolk City                                      ,"101,050", 	15 ," 	1,003 "," $	21,573,342 "," $	8,190,540 "," $	1,462,142 "," $	31,226,024 ", $	309 ," $	399,228 "," $	2,346,641 "," $	183,437 "," $	7,287,654 "," $	10,216,960 ", $	101 ," $	1,766,689 ", $	17 ," $	3,896,192 "," $	1,242,668 "," $	6,905,549 ", $	68 ," $	48,348,533 ", $	478 ," $	25,446,286 "," $	16,225,396 "," $	6,676,851 ",38.2,81883,9.6,Western Tidewater,Eastern,Hampton Roads Region,Large fringe metro,NCHS-defined “fringe” counties of MSAs of 1 million or more population,Urban,Metropolitan,HIGHER,4th Quartile,LOWER,2nd Quartile,higher than 75% of Virginia’s localities
51810,810,us-va-810,Virginia Beach City                               ,"453,779", 	114 ," 	7,491 "," $	141,262,193 "," $	53,631,637 "," $	4,044,440 "," $	198,938,270 ", $	438 ," $	1,268,316 "," $	7,455,097 "," $	582,766 "," $	38,908,547 "," $	48,214,726 ", $	106 ," $	5,572,463 ", $	12 ," $	17,925,014 "," $	9,278,586 "," $	32,776,064 ", $	72 ," $	279,929,059 ", $	617 ," $	157,324,090 "," $	87,644,762 "," $	34,960,207 ",36.7,81810,7.82,Virginia Beach,Eastern,Hampton Roads Region,Large central metro,NCHS-defined “central” counties of MSAs of 1 million or more population,Urban,Metropolitan,HIGHER,4th Quartile,LOWER,1st Quartile,higher than 75% of Virginia’s localities
51820,820,us-va-820,Waynesboro City                                   ,"23,083", 	5 , 	334 ," $	6,260,106 "," $	2,376,713 "," $	375,685 "," $	9,012,504 ", $	390 ," $	90,232 "," $	530,381 "," $	41,460 "," $	2,041,307 "," $	2,703,380 ", $	117 ," $	521,446 ", $	23 ," $	2,230,612 "," $	414,223 "," $	3,166,280 ", $	137 ," $	14,882,165 ", $	645 ," $	7,281,887 "," $	5,426,549 "," $	2,173,729 ",39.1,47238,16.55,Central Shenandoah,Northwest,Valley Region,Small metro,"Counties within MSAS of 50,000 to 249,999 population",Urban,Metropolitan,LOWER,1st Quartile,HIGHER,3rd Quartile,lower than 75% of Virginia’s localities
51830,830,us-va-830,Williamsburg City                                 ,"16,116", 	2 , 	134 ," $	1,761,024 "," $	668,591 "," $	157,737 "," $	2,587,351 ", $	161 ," $	6,142 "," $	36,102 "," $	2,822 "," $	545,343 "," $	590,410 ", $	37 ," $	311,311 ", $	19 ," $	451,182 "," $	165,689 "," $	928,182 ", $	58 ," $	4,105,943 ", $	255 ," $	2,046,002 "," $	1,341,530 "," $	718,411 ",26.1,65297,15.46,Peninsula,Eastern,Hampton Roads Region,Large fringe metro,NCHS-defined “fringe” counties of MSAs of 1 million or more population,Urban,Metropolitan,LOWER,3rd Quartile,HIGHER,3rd Quartile,higher than 50% of Virginia’s localities
51840,840,us-va-840,Winchester City                                   ,"27,754", 	10 , 	669 ," $	206,182 "," $	4,239,963 "," $	590,183 "," $	5,036,328 ", $	181 ," $	94,219 "," $	553,817 "," $	43,292 "," $	3,301,740 "," $	3,993,067 ", $	144 ," $	918,367 ", $	33 ," $	3,082,377 "," $	1,927,267 "," $	5,928,011 ", $	214 ," $	14,957,406 ", $	539 ," $	4,770,502 "," $	6,255,403 "," $	3,931,501 ",36.6,61321,13.27,Lord Fairfax,Northwest,Valley Region,Small metro,"Counties within MSAS of 50,000 to 249,999 population",Urban,Metropolitan,LOWER,3rd Quartile,HIGHER,3rd Quartile,higher than 50% of Virginia’s localities
51999,999,us-va-999,Virginia Total,"8,734,685"," 	2,082 "," 	137,099 ","2,399,192,139"," $	918,620,497 "," $	91,921,864 "," $	3,409,734,500 ", $	390 ," $	34,956,996 "," $	205,475,474 "," $	16,062,044 "," $	817,076,413 "," $	1,073,570,927 ", $	123 ," $	129,116,153 ", $	15 ," $	393,355,181 "," $	170,921,523 "," $	693,392,857 ", $	79 ," $	5,176,698,284 ", $	593 ," $	2,764,769,329 "," $	1,716,838,407 "," $	695,090,548 ",,,,,,,,,,,,,,,
