Counties,FIPS,Total_PerCapita,Total_Total,Labor_PerCapita,Labor_Total,HealthCare_PerCapita,HealthCare_Total,Crime_Other_PerCapita,Crime_Other_Total,Household_PerCapita,Household_Total,TotalPopulation,MedianAgeYrs,MedianHHIncome,PovertyPct,Hlth_Dist_Name,Hlth_Region_Name,CooperCtrRegionName,Category name,Category description,Urban_Rural,Metro_NonMetro,MedianAgeYrs,HHMI_State,HHMI_Quartile,PovertyRate_State,PovertyRate_Quartile,HHMI_quartileProse
Accomack County,us-va-001,550.26,18358894,362.03,12078774,124.19,4143614,64.04,2136505,295.91,9872816,33388,47.1,50601,16.91,Eastern Shore,Eastern,Eastern Region,Rural (Noncore),Rural (Counties not within micropolitan statistical areas),Rural,Nonmetropolitan, 	47.1 ,LOWER,2nd Quartile,HIGHER,4th Quartile,lower than 50% of Virginia’s localities
Albemarle County,us-va-003,268.75,30568669,159.15,18101629,66.64,7579758,42.97,4887281,133.45,15179206,111438,39.3,90568,6.88,Blue Ridge,Northwest,Central Region,Small metro,"Counties within MSAS of 50,000 to 249,999 population",Urban,Metropolitan, 	39.3 ,HIGHER,4th Quartile,LOWER,1st Quartile,higher than 75% of Virginia’s localities
Alleghany County,us-va-005,690.87,10379695,436.71,6561175,140.65,2113149,113.51,1705371,355.37,5339104,15266,48,49705,13.96,Alleghany,Southwest,Valley Region,Rural (Noncore),Rural (Counties not within micropolitan statistical areas),Rural,Nonmetropolitan, 	48.0 ,LOWER,2nd Quartile,HIGHER,3rd Quartile,lower than 50% of Virginia’s localities
Amelia County,us-va-007,427.51,5701682,271.79,3624884,92.55,1234303,63.17,842495,222.07,2961791,13220,45,57420,11.12,Piedmont,Central,Central Region,Large fringe metro,NCHS-defined “fringe” counties of MSAs of 1 million or more population,Urban,Metropolitan, 	45.0 ,LOWER,2nd Quartile,HIGHER,2nd Quartile,lower than 50% of Virginia’s localities
Amherst County,us-va-009,632.89,19867004,403.00,12650554,139.67,4384421,90.22,2832029,330.05,10360477,31381,44.9,60876,11.28,Central Virginia,Southwest,West Central Region,Medium metro,"Counties within MSAs of 250,000-999,999 population",Urban,Metropolitan, 	44.9 ,LOWER,3rd Quartile,HIGHER,2nd Quartile,higher than 50% of Virginia’s localities
Appomattox County,us-va-011,392.97,6443932,190.74,3127784,113.32,1858272,88.91,1457875,169.21,2774688,16039,42.6,55268,13.3,Central Virginia,Southwest,West Central Region,Medium metro,"Counties within MSAs of 250,000-999,999 population",Urban,Metropolitan, 	42.6 ,LOWER,2nd Quartile,HIGHER,3rd Quartile,lower than 50% of Virginia’s localities
Arlington County,us-va-013,261.42,61060065,169.63,39620623,53.28,12444479,38.51,8994964,137.55,32128688,235764,35.1,128145,6.46,Arlington,Northern,Northern Region,Large central metro,NCHS-defined “central” counties of MSAs of 1 million or more population,Urban,Metropolitan, 	35.1 ,HIGHER,4th Quartile,LOWER,1st Quartile,higher than 75% of Virginia’s localities
Augusta County,us-va-015,409.79,31872404,219.51,17073023,99.76,7759166,90.52,7040215,186.53,14507985,76948,45.1,69082,8.37,Central Shenandoah,Northwest,Valley Region,Small metro,"Counties within MSAS of 50,000 to 249,999 population",Urban,Metropolitan, 	45.1 ,LOWER,3rd Quartile,LOWER,2nd Quartile,higher than 50% of Virginia’s localities
Bath County,us-va-017,153.64,627934,32.65,133444,43.60,178213,77.39,316277,35.96,146957,4243,50.9,55807,19.18,Central Shenandoah,Northwest,Valley Region,Rural (Noncore),Rural (Counties not within micropolitan statistical areas),Rural,Nonmetropolitan, 	50.9 ,LOWER,2nd Quartile,HIGHER,4th Quartile,lower than 50% of Virginia’s localities
Bedford County,us-va-019,524.10,42078036,342.91,27531524,102.91,8262503,78.27,6284009,276.57,22205105,79183,46.7,70870,8.76,Central Virginia,Southwest,West Central Region,Medium metro,"Counties within MSAs of 250,000-999,999 population",Urban,Metropolitan, 	46.7 ,LOWER,3rd Quartile,LOWER,2nd Quartile,higher than 50% of Virginia’s localities
Bland County,us-va-021,301.90,1865457,86.78,536234,144.21,891063,70.91,438160,102.42,632843,6278,45.8,54556,11.83,Mount Rogers,Southwest,Southwest Region,Rural (Noncore),Rural (Counties not within micropolitan statistical areas),Rural,Nonmetropolitan, 	45.8 ,LOWER,2nd Quartile,HIGHER,2nd Quartile,lower than 50% of Virginia’s localities
Botetourt County,us-va-023,564.50,19180127,363.83,12361971,123.32,4190067,77.35,2628089,297.67,10113877,33542,47.1,72941,6.72,Alleghany,Southwest,West Central Region,Medium metro,"Counties within MSAs of 250,000-999,999 population",Urban,Metropolitan, 	47.1 ,LOWER,3rd Quartile,LOWER,1st Quartile,higher than 50% of Virginia’s localities
Brunswick County,us-va-025,1124.29,17965092,812.82,12988048,238.59,3812449,72.88,1164596,653.39,10440464,16044,43.3,49597,17.77,Southside,Central,Southside Region,Rural (Noncore),Rural (Counties not within micropolitan statistical areas),Rural,Nonmetropolitan, 	43.3 ,LOWER,1st Quartile,HIGHER,4th Quartile,lower than 75% of Virginia’s localities
Buchanan County,us-va-027,494.64,9824036,250.60,4977258,120.71,2397428,123.32,2449350,216.19,4293692,20615,47.8,37093,25.24,Cumberland Plateau,Southwest,Southwest Region,Rural (Noncore),Rural (Counties not within micropolitan statistical areas),Rural,Nonmetropolitan, 	47.8 ,LOWER,1st Quartile,HIGHER,4th Quartile,lower than 75% of Virginia’s localities
Buckingham County,us-va-029,538.03,9114183,351.36,5952089,124.24,2104624,62.42,1057471,288.45,4886343,16832,43,49841,14.78,Piedmont,Central,Southside Region,Small metro,"Counties within MSAS of 50,000 to 249,999 population",Urban,Metropolitan, 	43.0 ,LOWER,2nd Quartile,HIGHER,3rd Quartile,lower than 50% of Virginia’s localities
Campbell County,us-va-031,256.42,14199330,107.97,5979109,50.21,2780591,98.23,5439630,92.45,5119391,55656,42.8,53918,9.45,Central Virginia,Southwest,West Central Region,Medium metro,"Counties within MSAs of 250,000-999,999 population",Urban,Metropolitan, 	42.8 ,LOWER,2nd Quartile,LOWER,2nd Quartile,lower than 50% of Virginia’s localities
Caroline County,us-va-033,1251.42,39297088,944.61,29662538,194.80,6116971,112.02,3517579,737.03,23144113,30861,39.5,76528,10.83,Rappahannock,Northwest,Central Region,Large fringe metro,NCHS-defined “fringe” counties of MSAs of 1 million or more population,Urban,Metropolitan, 	39.5 ,LOWER,3rd Quartile,HIGHER,2nd Quartile,higher than 50% of Virginia’s localities
Carroll County,us-va-035,525.54,15278034,328.08,9537657,94.05,2734138,103.41,3006238,264.27,7682683,29123,48,45220,15.19,Mount Rogers,Southwest,Southwest Region,Rural (Noncore),Rural (Counties not within micropolitan statistical areas),Rural,Nonmetropolitan, 	48.0 ,LOWER,1st Quartile,HIGHER,3rd Quartile,lower than 75% of Virginia’s localities
Charles City County,us-va-036,408.26,2707173,269.78,1788904,81.31,539155,57.17,379113,217.42,1441728,6817,51.4,59543,12.34,Chickahominy,Central,Central Region,Large fringe metro,NCHS-defined “fringe” counties of MSAs of 1 million or more population,Urban,Metropolitan, 	51.4 ,LOWER,3rd Quartile,HIGHER,3rd Quartile,higher than 50% of Virginia’s localities
Charlotte County,us-va-037,1038.87,11969810,750.51,8647365,196.68,2266161,91.68,1056284,597.01,6878805,11605,46.6,45567,19.14,Piedmont,Central,Southside Region,Rural (Noncore),Rural (Counties not within micropolitan statistical areas),Rural,Nonmetropolitan, 	46.6 ,LOWER,1st Quartile,HIGHER,4th Quartile,lower than 75% of Virginia’s localities
Chesterfield County,us-va-041,683.01,253583990,470.32,174618820,143.54,53294730,69.14,25670440,380.04,141100833,359798,38.9,88315,6.91,Chesterfield,Central,Central Region,Large fringe metro,NCHS-defined “fringe” counties of MSAs of 1 million or more population,Urban,Metropolitan, 	38.9 ,HIGHER,4th Quartile,LOWER,1st Quartile,higher than 75% of Virginia’s localities
Clarke County,us-va-043,492.65,7348410,358.09,5341202,73.58,1097491,60.99,909716,279.46,4168360,14726,47.6,86633,5.82,Lord Fairfax,Northwest,Northern Region,Large fringe metro,NCHS-defined “fringe” counties of MSAs of 1 million or more population,Urban,Metropolitan, 	47.6 ,HIGHER,4th Quartile,LOWER,1st Quartile,higher than 75% of Virginia’s localities
Craig County,us-va-045,220.34,1074375,55.17,268985,60.91,297021,104.26,508368,57.11,278472,4914,49.2,60283,14.22,Alleghany,Southwest,West Central Region,Medium metro,"Counties within MSAs of 250,000-999,999 population",Urban,Metropolitan, 	49.2 ,LOWER,3rd Quartile,HIGHER,3rd Quartile,higher than 50% of Virginia’s localities
Culpeper County,us-va-047,970.31,52188326,687.33,36968220,193.11,10386307,89.87,4833799,550.61,29614617,52021,39,85274,7.21,Rappahannock/Rapidan,Northwest,Northern Region,Large fringe metro,NCHS-defined “fringe” counties of MSAs of 1 million or more population,Urban,Metropolitan, 	39.0 ,HIGHER,4th Quartile,LOWER,1st Quartile,higher than 75% of Virginia’s localities
Cumberland County,us-va-049,242.13,2347676,123.07,1193291,60.97,591153,58.09,563232,105.84,1026197,9669,45.4,57568,7.13,Piedmont,Central,Southside Region,Rural (Noncore),Rural (Counties not within micropolitan statistical areas),Rural,Nonmetropolitan, 	45.4 ,LOWER,2nd Quartile,LOWER,1st Quartile,lower than 50% of Virginia’s localities
Dickenson County,us-va-051,764.37,10588056,504.08,6982544,130.80,1811820,129.49,1793692,401.63,5563443,14256,45.3,33905,21.18,Cumberland Plateau,Southwest,Southwest Region,Rural (Micropolitan),Rural (Counties in micropolitan statistical areas),Rural,Nonmetropolitan, 	45.3 ,LOWER,1st Quartile,HIGHER,4th Quartile,lower than 75% of Virginia’s localities
Dinwiddie County,us-va-053,589.15,16495494,423.06,11845194,110.65,3098120,55.44,1552179,336.35,9417379,28040,42.9,68918,10.52,Crater,Central,Central Region,Large fringe metro,NCHS-defined “fringe” counties of MSAs of 1 million or more population,Urban,Metropolitan, 	42.9 ,LOWER,3rd Quartile,HIGHER,2nd Quartile,higher than 50% of Virginia’s localities
Essex County,us-va-057,483.95,5106685,299.60,3161379,82.48,870321,101.88,1074985,239.88,2531251,10621,47.1,54375,16.1,Three Rivers,Eastern,Eastern Region,Rural (Noncore),Rural (Counties not within micropolitan statistical areas),Rural,Nonmetropolitan, 	47.1 ,LOWER,2nd Quartile,HIGHER,3rd Quartile,lower than 50% of Virginia’s localities
Fairfax County,us-va-059,229.29,261762465,141.94,162049682,50.34,57469472,37.00,42243311,116.66,133184015,1146825,38.3,133974,6.13,Fairfax,Northern,Northern Region,Large fringe metro,NCHS-defined “fringe” counties of MSAs of 1 million or more population,Urban,Metropolitan, 	38.3 ,HIGHER,4th Quartile,LOWER,1st Quartile,higher than 75% of Virginia’s localities
Fauquier County,us-va-061,534.76,39584239,360.92,26716339,123.05,9108098,50.79,3759802,294.95,21832735,72416,40.9,111368,5.88,Rappahannock/Rapidan,Northwest,Northern Region,Large fringe metro,NCHS-defined “fringe” counties of MSAs of 1 million or more population,Urban,Metropolitan, 	40.9 ,HIGHER,4th Quartile,LOWER,1st Quartile,higher than 75% of Virginia’s localities
Floyd County,us-va-063,719.01,11151128,485.18,7524663,120.18,1863817,113.65,1762648,385.01,5971112,15536,48,51612,9.27,New River,Southwest,West Central Region,Small metro,"Counties within MSAS of 50,000 to 249,999 population",Urban,Metropolitan, 	48.0 ,LOWER,2nd Quartile,LOWER,2nd Quartile,lower than 50% of Virginia’s localities
Fluvanna County,us-va-065,250.09,6951679,122.65,3409321,64.98,1806275,62.46,1736083,106.66,2964723,27078,43.3,82983,4.57,Blue Ridge,Northwest,Central Region,Small metro,"Counties within MSAS of 50,000 to 249,999 population",Urban,Metropolitan, 	43.3 ,HIGHER,4th Quartile,LOWER,1st Quartile,higher than 75% of Virginia’s localities
Franklin County,us-va-067,802.41,44140497,482.82,26559842,137.91,7586536,181.68,9994119,389.82,21444050,54829,48.1,59667,13.31,West Piedmont,Southwest,West Central Region,Medium metro,"Counties within MSAs of 250,000-999,999 population",Urban,Metropolitan, 	48.1 ,LOWER,3rd Quartile,HIGHER,3rd Quartile,higher than 50% of Virginia’s localities
Frederick County,us-va-069,574.28,53990325,370.12,34796317,110.76,10413377,93.40,8780631,298.73,28084913,90287,40.4,84317,6.74,Lord Fairfax,Northwest,Valley Region,Small metro,"Counties within MSAS of 50,000 to 249,999 population",Urban,Metropolitan, 	40.4 ,HIGHER,4th Quartile,LOWER,1st Quartile,higher than 75% of Virginia’s localities
Giles County,us-va-071,443.06,7347696,210.21,3486150,115.19,1910270,117.66,1951276,184.58,3061056,16764,45.1,57911,10.26,New River,Southwest,West Central Region,Small metro,"Counties within MSAS of 50,000 to 249,999 population",Urban,Metropolitan, 	45.1 ,LOWER,2nd Quartile,HIGHER,2nd Quartile,lower than 50% of Virginia’s localities
Gloucester County,us-va-073,602.74,23585795,397.26,15545137,121.84,4767584,83.64,3273074,321.22,12569722,38586,44.5,77733,7.45,Three Rivers,Eastern,Hampton Roads Region,Large fringe metro,NCHS-defined “fringe” counties of MSAs of 1 million or more population,Urban,Metropolitan, 	44.5 ,LOWER,4th Quartile,LOWER,1st Quartile,higher than 75% of Virginia’s localities
Goochland County,us-va-075,551.92,14073368,401.01,10225331,107.76,2747774,43.15,1100263,319.62,8150046,24300,48.8,100517,4.19,Chickahominy,Central,Central Region,Large fringe metro,NCHS-defined “fringe” counties of MSAs of 1 million or more population,Urban,Metropolitan, 	48.8 ,HIGHER,4th Quartile,LOWER,1st Quartile,higher than 75% of Virginia’s localities
Grayson County,us-va-077,499.37,7655290,182.39,2795997,204.63,3136908,112.35,1722386,188.77,2893854,15418,48.4,43022,17.56,Mount Rogers,Southwest,Southwest Region,Rural (Noncore),Rural (Counties not within micropolitan statistical areas),Rural,Nonmetropolitan, 	48.4 ,LOWER,1st Quartile,HIGHER,4th Quartile,lower than 75% of Virginia’s localities
Greene County,us-va-079,283.19,5954958,76.32,1604794,124.30,2613786,82.57,1736378,89.26,1876870,20374,39.8,73844,10.08,Blue Ridge,Northwest,Central Region,Small metro,"Counties within MSAS of 50,000 to 249,999 population",Urban,Metropolitan, 	39.8 ,LOWER,3rd Quartile,HIGHER,2nd Quartile,higher than 50% of Virginia’s localities
Greensville County,us-va-081,610.50,6966988,316.62,3613271,209.29,2388472,84.58,965246,286.34,3267656,11465,40.4,53063,11.38,Crater,Central,Southside Region,Rural (Noncore),Rural (Counties not within micropolitan statistical areas),Rural,Nonmetropolitan, 	40.4 ,LOWER,2nd Quartile,HIGHER,2nd Quartile,lower than 50% of Virginia’s localities
Halifax County,us-va-083,823.27,27792024,612.71,20683696,135.80,4584319,74.77,2524009,480.68,16226824,34228,46.4,45962,15.11,Southside,Central,Southside Region,Rural (Noncore),Rural (Counties not within micropolitan statistical areas),Rural,Nonmetropolitan, 	46.4 ,LOWER,1st Quartile,HIGHER,3rd Quartile,lower than 75% of Virginia’s localities
Hanover County,us-va-085,540.17,60402312,375.72,42012969,98.63,11029458,65.82,7359885,299.40,33479068,109232,42.1,96911,5.47,Chickahominy,Central,Central Region,Large fringe metro,NCHS-defined “fringe” counties of MSAs of 1 million or more population,Urban,Metropolitan, 	42.1 ,HIGHER,4th Quartile,LOWER,1st Quartile,higher than 75% of Virginia’s localities
Henrico County,us-va-087,822.49,274601210,560.96,187284720,181.98,60757921,79.55,26558570,456.01,152247119,331924,39.2,76345,8.15,Henrico,Central,Central Region,Large fringe metro,NCHS-defined “fringe” counties of MSAs of 1 million or more population,Urban,Metropolitan, 	39.2 ,LOWER,3rd Quartile,LOWER,2nd Quartile,higher than 50% of Virginia’s localities
Henry County,us-va-089,1475.65,74219327,1002.38,50415641,329.63,16579247,143.64,7224438,815.50,41016502,51077,48,41103,14.89,West Piedmont,Southwest,Southside Region,Rural (Micropolitan),Rural (Counties in micropolitan statistical areas),Rural,Nonmetropolitan, 	48.0 ,LOWER,1st Quartile,HIGHER,3rd Quartile,lower than 75% of Virginia’s localities
Highland County,us-va-091,86.81,194540,12.03,26970,26.51,59404,48.27,108167,16.01,35877,2229,56.5,52901,12.62,Central Shenandoah,Northwest,Valley Region,Rural (Noncore),Rural (Counties not within micropolitan statistical areas),Rural,Nonmetropolitan, 	56.5 ,LOWER,2nd Quartile,HIGHER,3rd Quartile,lower than 50% of Virginia’s localities
Isle of Wight County,us-va-093,259.84,10235896,144.13,5677839,64.82,2553420,50.89,2004637,122.37,4820431,38301,44.4,84673,8.82,Western Tidewater,Eastern,Hampton Roads Region,Large fringe metro,NCHS-defined “fringe” counties of MSAs of 1 million or more population,Urban,Metropolitan, 	44.4 ,HIGHER,4th Quartile,LOWER,2nd Quartile,higher than 75% of Virginia’s localities
James City County,us-va-095,201.16,16075451,89.32,7137703,60.41,4827672,51.43,4110076,81.25,6492763,77733,46.8,94907,6.91,Peninsula,Eastern,Hampton Roads Region,Large fringe metro,NCHS-defined “fringe” counties of MSAs of 1 million or more population,Urban,Metropolitan, 	46.8 ,HIGHER,4th Quartile,LOWER,1st Quartile,higher than 75% of Virginia’s localities
King and Queen County,us-va-097,1539.99,10268666,1188.78,7926752,229.85,1532652,121.36,809262,923.81,6159972,6690,48.2,61672,14.27,Three Rivers,Eastern,Eastern Region,Rural (Noncore),Rural (Counties not within micropolitan statistical areas),Rural,Nonmetropolitan, 	48.2 ,LOWER,3rd Quartile,HIGHER,3rd Quartile,higher than 50% of Virginia’s localities
King George County,us-va-099,620.55,17078759,463.52,12756878,88.01,2422153,69.03,1899728,359.91,9905462,26597,38.3,101599,6.5,Rappahannock,Northwest,Northern Region,Rural (Noncore),Rural (Counties not within micropolitan statistical areas),Rural,Nonmetropolitan, 	38.3 ,HIGHER,4th Quartile,LOWER,1st Quartile,higher than 75% of Virginia’s localities
King William County,us-va-101,595.19,10835434,423.83,7715770,118.46,2156621,52.90,963043,339.11,6173521,17511,40.6,74592,7.75,Three Rivers,Eastern,Central Region,Large fringe metro,NCHS-defined “fringe” counties of MSAs of 1 million or more population,Urban,Metropolitan, 	40.6 ,LOWER,3rd Quartile,LOWER,1st Quartile,higher than 50% of Virginia’s localities
Lancaster County,us-va-103,255.25,2781196,144.42,1573604,63.80,695148,47.03,512444,122.31,1332680,10916,57.1,64460,10.89,Three Rivers,Eastern,Eastern Region,Rural (Noncore),Rural (Counties not within micropolitan statistical areas),Rural,Nonmetropolitan, 	57.1 ,LOWER,3rd Quartile,HIGHER,2nd Quartile,higher than 50% of Virginia’s localities
Lee County,us-va-105,350.39,7729894,135.84,2996794,70.09,1546288,144.45,3186812,119.39,2633885,22482,45.6,37574,26.17,Lenowisco,Southwest,Southwest Region,Rural (Noncore),Rural (Counties not within micropolitan statistical areas),Rural,Nonmetropolitan, 	45.6 ,LOWER,1st Quartile,HIGHER,4th Quartile,lower than 75% of Virginia’s localities
Loudoun County,us-va-107,205.98,88247893,129.90,55654486,38.31,16415466,37.76,16177941,104.61,44817050,413574,36.9,156821,3.32,Loudoun,Northern,Northern Region,Large fringe metro,NCHS-defined “fringe” counties of MSAs of 1 million or more population,Urban,Metropolitan, 	36.9 ,HIGHER,4th Quartile,LOWER,1st Quartile,higher than 75% of Virginia’s localities
Louisa County,us-va-109,839.47,32766054,573.30,22377030,173.40,6768213,92.77,3620811,462.29,18044228,37136,44.9,70974,10.8,Blue Ridge,Northwest,Central Region,Rural (Noncore),Rural (Counties not within micropolitan statistical areas),Rural,Nonmetropolitan, 	44.9 ,LOWER,3rd Quartile,HIGHER,2nd Quartile,higher than 50% of Virginia’s localities
Lunenburg County,us-va-111,533.63,6402019,346.76,4160087,108.82,1305481,78.06,936451,280.86,3369515,11982,43.9,47269,14.02,Piedmont,Central,Southside Region,Rural (Noncore),Rural (Counties not within micropolitan statistical areas),Rural,Nonmetropolitan, 	43.9 ,LOWER,1st Quartile,HIGHER,3rd Quartile,lower than 75% of Virginia’s localities
Madison County,us-va-113,169.71,2367452,41.66,581094,59.62,831659,68.44,954699,46.56,649554,13731,46.5,72349,8.66,Rappahannock/Rapidan,Northwest,Central Region,Rural (Noncore),Rural (Counties not within micropolitan statistical areas),Rural,Nonmetropolitan, 	46.5 ,LOWER,3rd Quartile,LOWER,2nd Quartile,higher than 50% of Virginia’s localities
Mathews County,us-va-115,438.31,3745328,290.64,2483527,83.60,714328,64.07,547472,233.31,1993641,8548,53.4,73229,8.04,Three Rivers,Eastern,Hampton Roads Region,Large fringe metro,NCHS-defined “fringe” counties of MSAs of 1 million or more population,Urban,Metropolitan, 	53.4 ,LOWER,3rd Quartile,LOWER,2nd Quartile,higher than 50% of Virginia’s localities
Mecklenburg County,us-va-117,499.39,15131654,322.42,9769348,120.04,3637276,56.93,1725031,266.16,8064767,30347,48.4,46378,17.92,Southside,Central,Southside Region,Rural (Noncore),Rural (Counties not within micropolitan statistical areas),Rural,Nonmetropolitan, 	48.4 ,LOWER,1st Quartile,HIGHER,4th Quartile,lower than 75% of Virginia’s localities
Middlesex County,us-va-119,790.81,8518561,534.81,5760991,163.37,1759822,92.62,997748,431.65,4649715,10686,54.8,63782,9.76,Three Rivers,Eastern,Eastern Region,Rural (Noncore),Rural (Counties not within micropolitan statistical areas),Rural,Nonmetropolitan, 	54.8 ,LOWER,3rd Quartile,LOWER,2nd Quartile,higher than 50% of Virginia’s localities
Montgomery County,us-va-121,352.21,34810423,199.81,19748438,82.61,8164678,69.79,6897307,167.80,16584494,99294,30.1,60666,24.77,New River,Southwest,West Central Region,Small metro,"Counties within MSAS of 50,000 to 249,999 population",Urban,Metropolitan, 	30.1 ,LOWER,3rd Quartile,HIGHER,4th Quartile,higher than 50% of Virginia’s localities
Nelson County,us-va-125,209.05,3093976,50.85,752546,72.25,1069276,85.96,1272155,56.87,841657,14795,51.8,67707,12.5,Blue Ridge,Northwest,Central Region,Small metro,"Counties within MSAS of 50,000 to 249,999 population",Urban,Metropolitan, 	51.8 ,LOWER,3rd Quartile,HIGHER,3rd Quartile,higher than 50% of Virginia’s localities
New Kent County,us-va-127,789.68,18935751,542.84,13016676,162.53,3897263,84.32,2021812,437.56,10492320,22519,42.1,101628,4.64,Chickahominy,Central,Central Region,Large fringe metro,NCHS-defined “fringe” counties of MSAs of 1 million or more population,Urban,Metropolitan, 	42.1 ,HIGHER,4th Quartile,LOWER,1st Quartile,higher than 75% of Virginia’s localities
Northampton County,us-va-131,572.61,6893640,383.29,4614400,134.35,1617466,54.97,661774,314.02,3780429,12226,50.7,50347,16.49,Eastern Shore,Eastern,Eastern Region,Rural (Noncore),Rural (Counties not within micropolitan statistical areas),Rural,Nonmetropolitan, 	50.7 ,LOWER,2nd Quartile,HIGHER,3rd Quartile,lower than 50% of Virginia’s localities
Northumberland County,us-va-133,651.34,7846072,446.50,5378518,135.87,1636647,68.98,830907,360.33,4340568,11965,59.8,61291,15.55,Three Rivers,Eastern,Eastern Region,Rural (Noncore),Rural (Counties not within micropolitan statistical areas),Rural,Nonmetropolitan, 	59.8 ,LOWER,3rd Quartile,HIGHER,3rd Quartile,higher than 50% of Virginia’s localities
Nottoway County,us-va-135,343.90,5359341,197.63,3079815,99.22,1546288,47.05,733239,170.24,2652945,15667,41,54614,16.54,Piedmont,Central,Southside Region,Rural (Noncore),Rural (Counties not within micropolitan statistical areas),Rural,Nonmetropolitan, 	41.0 ,LOWER,2nd Quartile,HIGHER,3rd Quartile,lower than 50% of Virginia’s localities
Orange County,us-va-137,823.71,30632860,563.22,20945518,182.88,6801029,77.61,2886313,457.66,17019813,36001,42.5,79211,11.33,Rappahannock/Rapidan,Northwest,Central Region,Rural (Noncore),Rural (Counties not within micropolitan statistical areas),Rural,Nonmetropolitan, 	42.5 ,LOWER,4th Quartile,HIGHER,2nd Quartile,higher than 75% of Virginia’s localities
Page County,us-va-139,647.95,15421902,406.14,9666647,129.36,3078940,112.45,2676315,331.00,7878063,23734,45.3,53168,12.33,Lord Fairfax,Northwest,Valley Region,Rural (Noncore),Rural (Counties not within micropolitan statistical areas),Rural,Nonmetropolitan, 	45.3 ,LOWER,2nd Quartile,HIGHER,3rd Quartile,lower than 50% of Virginia’s localities
Patrick County,us-va-141,785.80,13883496,528.30,9334080,151.81,2682141,105.69,1867275,424.64,7502554,17661,50.4,47215,10.79,West Piedmont,Southwest,Southside Region,Rural (Noncore),Rural (Counties not within micropolitan statistical areas),Rural,Nonmetropolitan, 	50.4 ,LOWER,1st Quartile,HIGHER,2nd Quartile,lower than 75% of Virginia’s localities
Pittsylvania County,us-va-143,438.24,26334131,248.35,14923532,125.82,7560765,64.07,3849834,214.01,12859718,60833,47.8,49486,15.17,Pittsylvania/Danville,Southwest,Southside Region,Rural (Micropolitan),Rural (Counties in micropolitan statistical areas),Rural,Nonmetropolitan, 	47.8 ,LOWER,1st Quartile,HIGHER,3rd Quartile,lower than 75% of Virginia’s localities
Powhatan County,us-va-145,621.28,19366631,468.72,14610981,94.38,2942128,58.18,1813522,365.21,11384237,29979,45.6,101395,4.48,Chesterfield,Central,Central Region,Large fringe metro,NCHS-defined “fringe” counties of MSAs of 1 million or more population,Urban,Metropolitan, 	45.6 ,HIGHER,4th Quartile,LOWER,1st Quartile,higher than 75% of Virginia’s localities
Prince Edward County,us-va-147,301.96,6630036,147.54,3239453,87.87,1929451,66.55,1461132,131.57,2888892,21887,32.3,49019,23.57,Piedmont,Central,Southside Region,Rural (Noncore),Rural (Counties not within micropolitan statistical areas),Rural,Nonmetropolitan, 	32.3 ,LOWER,1st Quartile,HIGHER,4th Quartile,lower than 75% of Virginia’s localities
Prince George County,us-va-149,799.82,34390716,483.61,20794439,234.33,10075561,81.88,3520717,414.52,17823650,42170,37.1,78895,9.25,Crater,Central,Central Region,Large fringe metro,NCHS-defined “fringe” counties of MSAs of 1 million or more population,Urban,Metropolitan, 	37.1 ,LOWER,4th Quartile,LOWER,2nd Quartile,higher than 75% of Virginia’s localities
Prince William County,us-va-153,447.11,216940858,308.01,149449412,76.83,37277825,62.27,30213622,244.23,118503633,477224,35.7,113831,5.8,Prince William,Northern,Northern Region,Large fringe metro,NCHS-defined “fringe” counties of MSAs of 1 million or more population,Urban,Metropolitan, 	35.7 ,HIGHER,4th Quartile,LOWER,1st Quartile,higher than 75% of Virginia’s localities
Pulaski County,us-va-155,947.31,32026547,588.00,19879180,186.35,6300235,172.95,5847132,477.04,16127772,33893,47.2,55446,12.84,New River,Southwest,West Central Region,Small metro,"Counties within MSAS of 50,000 to 249,999 population",Urban,Metropolitan, 	47.2 ,LOWER,2nd Quartile,HIGHER,3rd Quartile,lower than 50% of Virginia’s localities
Rappahannock County,us-va-157,1130.70,8409005,900.29,6695466,129.18,960680,101.23,752859,687.49,5112836,7400,48.2,90307,6.11,Rappahannock/Rapidan,Northwest,Northern Region,Large fringe metro,NCHS-defined “fringe” counties of MSAs of 1 million or more population,Urban,Metropolitan, 	48.2 ,HIGHER,4th Quartile,LOWER,1st Quartile,higher than 75% of Virginia’s localities
Richmond County,us-va-159,289.40,2618775,160.58,1453087,88.31,799143,40.51,366545,140.42,1270631,8902,44.3,57697,10.3,Three Rivers,Eastern,Eastern Region,Rural (Noncore),Rural (Counties not within micropolitan statistical areas),Rural,Nonmetropolitan, 	44.3 ,LOWER,2nd Quartile,HIGHER,2nd Quartile,lower than 50% of Virginia’s localities
Roanoke County,us-va-161,810.74,78440145,484.77,46901722,224.90,21759022,101.08,9779401,412.47,39906587,96303,43.6,74622,6.92,Alleghany,Southwest,West Central Region,Medium metro,"Counties within MSAs of 250,000-999,999 population",Urban,Metropolitan, 	43.6 ,LOWER,3rd Quartile,LOWER,1st Quartile,higher than 50% of Virginia’s localities
Rockbridge County,us-va-163,299.61,6782933,90.88,2057325,72.40,1638992,136.34,3086616,87.01,1969824,22663,49.2,57828,10.3,Central Shenandoah,Northwest,Valley Region,Rural (Noncore),Rural (Counties not within micropolitan statistical areas),Rural,Nonmetropolitan, 	49.2 ,LOWER,2nd Quartile,HIGHER,2nd Quartile,lower than 50% of Virginia’s localities
Rockingham County,us-va-165,220.20,18600057,67.47,5699002,56.63,4783196,96.10,8117860,64.93,5484675,83090,40.3,67484,7.6,Central Shenandoah,Northwest,Valley Region,Small metro,"Counties within MSAS of 50,000 to 249,999 population",Urban,Metropolitan, 	40.3 ,LOWER,3rd Quartile,LOWER,1st Quartile,higher than 50% of Virginia’s localities
Russell County,us-va-167,296.58,7585726,99.12,2535182,74.69,1910270,122.78,3140274,93.17,2383004,25932,46.8,41100,18.5,Cumberland Plateau,Southwest,Southwest Region,Rural (Noncore),Rural (Counties not within micropolitan statistical areas),Rural,Nonmetropolitan, 	46.8 ,LOWER,1st Quartile,HIGHER,4th Quartile,lower than 75% of Virginia’s localities
Scott County,us-va-169,400.02,8593264,172.79,3711898,35.67,766326,191.56,4115040,138.66,2978619,21576,47.2,42561,15.37,Lenowisco,Southwest,Southwest Region,Medium metro,"Counties within MSAs of 250,000-999,999 population",Urban,Metropolitan, 	47.2 ,LOWER,1st Quartile,HIGHER,3rd Quartile,lower than 75% of Virginia’s localities
Shenandoah County,us-va-171,579.58,25981940,339.30,15210685,126.80,5684357,113.47,5086898,280.97,12595642,44037,44.2,58609,11.39,Lord Fairfax,Northwest,Valley Region,Rural (Noncore),Rural (Counties not within micropolitan statistical areas),Rural,Nonmetropolitan, 	44.2 ,LOWER,2nd Quartile,HIGHER,2nd Quartile,lower than 50% of Virginia’s localities
Smyth County,us-va-173,399.26,11817955,135.44,4009114,131.94,3905354,131.87,3903487,134.92,3993524,29960,45.2,42588,18.93,Mount Rogers,Southwest,Southwest Region,Rural (Noncore),Rural (Counties not within micropolitan statistical areas),Rural,Nonmetropolitan, 	45.2 ,LOWER,1st Quartile,HIGHER,4th Quartile,lower than 75% of Virginia’s localities
Southampton County,us-va-175,465.26,8391815,307.38,5544151,111.98,2019870,45.89,827794,253.14,4565797,18028,47.2,65079,6.8,Western Tidewater,Eastern,Southside Region,Rural (Noncore),Rural (Counties not within micropolitan statistical areas),Rural,Nonmetropolitan, 	47.2 ,LOWER,3rd Quartile,LOWER,1st Quartile,higher than 50% of Virginia’s localities
Spotsylvania County,us-va-177,750.97,108107444,551.81,79437067,125.82,18112653,73.34,10557723,433.94,62468256,138493,38.2,98973,7.11,Rappahannock,Northwest,Northern Region,Large fringe metro,NCHS-defined “fringe” counties of MSAs of 1 million or more population,Urban,Metropolitan, 	38.2 ,HIGHER,4th Quartile,LOWER,1st Quartile,higher than 75% of Virginia’s localities
Stafford County,us-va-179,533.86,86263261,393.71,63617063,74.92,12105222,65.24,10540976,305.99,49442846,154204,35.9,119818,5.11,Rappahannock,Northwest,Northern Region,Large fringe metro,NCHS-defined “fringe” counties of MSAs of 1 million or more population,Urban,Metropolitan, 	35.9 ,HIGHER,4th Quartile,LOWER,1st Quartile,higher than 75% of Virginia’s localities
Surry County,us-va-181,148.97,971892,44.34,289264,63.74,415830,40.89,266798,49.63,323773,6563,50.4,61105,14.78,Crater,Central,Hampton Roads Region,Rural (Noncore),Rural (Counties not within micropolitan statistical areas),Rural,Nonmetropolitan, 	50.4 ,LOWER,3rd Quartile,HIGHER,3rd Quartile,higher than 50% of Virginia’s localities
Sussex County,us-va-183,550.16,5948289,376.11,4066474,125.55,1357479,48.50,524336,306.38,3312587,10960,40.6,56968,10.52,Crater,Central,Southside Region,Large fringe metro,NCHS-defined “fringe” counties of MSAs of 1 million or more population,Urban,Metropolitan, 	40.6 ,LOWER,2nd Quartile,HIGHER,2nd Quartile,lower than 50% of Virginia’s localities
Tazewell County,us-va-185,995.11,39860999,654.48,26216443,199.92,8008060,140.71,5636496,529.80,21222027,40615,45.1,42937,17.6,Cumberland Plateau,Southwest,Southwest Region,Rural (Micropolitan),Rural (Counties in micropolitan statistical areas),Rural,Nonmetropolitan, 	45.1 ,LOWER,1st Quartile,HIGHER,4th Quartile,lower than 75% of Virginia’s localities
Warren County,us-va-187,979.65,40123418,676.33,27700634,147.14,6026612,156.17,6396172,531.54,21770148,40442,41.3,72840,10.9,Lord Fairfax,Northwest,Northern Region,Large fringe metro,NCHS-defined “fringe” counties of MSAs of 1 million or more population,Urban,Metropolitan, 	41.3 ,LOWER,3rd Quartile,HIGHER,2nd Quartile,higher than 50% of Virginia’s localities
Washington County,us-va-191,495.02,26628486,307.76,16555588,73.59,3958823,113.66,6114075,244.06,13128660,53997,46.6,54737,12.71,Mount Rogers,Southwest,Southwest Region,Medium metro,"Counties within MSAs of 250,000-999,999 population",Urban,Metropolitan, 	46.6 ,LOWER,2nd Quartile,HIGHER,3rd Quartile,lower than 50% of Virginia’s localities
Westmoreland County,us-va-193,345.41,6470197,183.56,3438452,77.00,1442293,84.85,1589452,155.03,2904053,18324,47.9,53113,16.34,Three Rivers,Eastern,Eastern Region,Rural (Noncore),Rural (Counties not within micropolitan statistical areas),Rural,Nonmetropolitan, 	47.9 ,LOWER,2nd Quartile,HIGHER,3rd Quartile,lower than 50% of Virginia’s localities
Wise County,us-va-195,882.07,31495904,526.97,18816449,207.79,7419385,147.31,5260069,438.39,15653655,36531,41.5,44884,19.73,Lenowisco,Southwest,Southwest Region,Rural (Micropolitan),Rural (Counties in micropolitan statistical areas),Rural,Nonmetropolitan, 	41.5 ,LOWER,1st Quartile,HIGHER,4th Quartile,lower than 75% of Virginia’s localities
Wythe County,us-va-197,506.79,14291562,244.69,6900306,148.39,4184522,113.71,3206734,218.63,6165334,28347,45.8,52726,15.24,Mount Rogers,Southwest,Southwest Region,Rural (Noncore),Rural (Counties not within micropolitan statistical areas),Rural,Nonmetropolitan, 	45.8 ,LOWER,2nd Quartile,HIGHER,3rd Quartile,lower than 50% of Virginia’s localities
York County,us-va-199,240.98,17151800,126.66,9015053,61.25,4359695,53.07,3777052,108.52,7724355,69635,39.7,96144,4.85,Peninsula,Eastern,Hampton Roads Region,Large fringe metro,NCHS-defined “fringe” counties of MSAs of 1 million or more population,Urban,Metropolitan, 	39.7 ,HIGHER,4th Quartile,LOWER,1st Quartile,higher than 75% of Virginia’s localities
Alexandria City,us-va-510,245.83,38152817,133.19,20672035,60.73,9425628,51.90,8055154,113.08,17550125,158185,37.1,105450,9.58,Alexandria,Northern,Northern Region,Large central metro,NCHS-defined “central” counties of MSAs of 1 million or more population,Urban,Metropolitan, 	37.1 ,HIGHER,4th Quartile,LOWER,2nd Quartile,higher than 75% of Virginia’s localities
Bristol City,us-va-520,840.27,14364331,478.13,8173684,106.87,1826983,255.26,4363664,377.49,6453249,16996,43.4,43879,17.72,Mount Rogers,Southwest,Southwest Region,Medium metro,"Counties within MSAs of 250,000-999,999 population",Urban,Metropolitan, 	43.4 ,LOWER,1st Quartile,HIGHER,4th Quartile,lower than 75% of Virginia’s localities
Buena Vista City,us-va-530,290.41,1921031,141.77,937779,96.70,639698,51.94,343555,130.15,860927,6649,35.9,42156,21.43,Central Shenandoah,Northwest,Valley Region,Rural (Noncore),Rural (Counties not within micropolitan statistical areas),Rural,Nonmetropolitan, 	35.9 ,LOWER,1st Quartile,HIGHER,4th Quartile,lower than 75% of Virginia’s localities
Charlottesville City,us-va-540,627.66,28702746,422.25,19309558,124.15,5677499,81.25,3715689,339.56,15528280,46597,32.5,63470,23.09,Blue Ridge,Northwest,Central Region,Small metro,"Counties within MSAS of 50,000 to 249,999 population",Urban,Metropolitan, 	32.5 ,LOWER,3rd Quartile,HIGHER,4th Quartile,higher than 50% of Virginia’s localities
Chesapeake City,us-va-550,499.82,125825425,324.58,81709090,103.76,26120262,71.49,17996073,263.74,66393331,247172,37.1,85563,7.95,Chesapeake,Eastern,Hampton Roads Region,Large fringe metro,NCHS-defined “fringe” counties of MSAs of 1 million or more population,Urban,Metropolitan, 	37.1 ,HIGHER,4th Quartile,LOWER,2nd Quartile,higher than 75% of Virginia’s localities
Colonial Heights City,us-va-570,518.96,9454417,340.53,6203832,129.18,2353352,49.25,897233,282.47,5146060,18127,39,65570,8.99,Chesterfield,Central,Central Region,Large fringe metro,NCHS-defined “fringe” counties of MSAs of 1 million or more population,Urban,Metropolitan, 	39.0 ,LOWER,3rd Quartile,LOWER,2nd Quartile,higher than 50% of Virginia’s localities
Covington City,us-va-580,464.89,2664258,230.70,1322156,119.81,686622,114.37,655480,201.97,1157505,5716,42.2,41242,15.83,Alleghany,Southwest,Valley Region,Rural (Noncore),Rural (Counties not within micropolitan statistical areas),Rural,Nonmetropolitan, 	42.2 ,LOWER,1st Quartile,HIGHER,3rd Quartile,lower than 75% of Virginia’s localities
Danville City,us-va-590,536.35,22728488,297.85,12621667,143.21,6068565,95.30,4038256,255.28,10817561,42556,40.9,38904,23.1,Pittsylvania/Danville,Southwest,Southside Region,Rural (Micropolitan),Rural (Counties in micropolitan statistical areas),Rural,Nonmetropolitan, 	40.9 ,LOWER,1st Quartile,HIGHER,4th Quartile,lower than 75% of Virginia’s localities
Emporia City,us-va-595,1389.61,7812375,1011.59,5687146,311.21,1749598,66.81,375632,816.79,4591994,5761,39.2,36111,21.48,Crater,Central,Southside Region,Rural (Noncore),Rural (Counties not within micropolitan statistical areas),Rural,Nonmetropolitan, 	39.2 ,LOWER,1st Quartile,HIGHER,4th Quartile,lower than 75% of Virginia’s localities
Fairfax City,us-va-600,252.45,6157463,184.67,4504232,56.79,1385162,10.99,268069,149.09,3636522,23980,37.7,118492,10.07,Fairfax,Northern,Northern Region,Large fringe metro,NCHS-defined “fringe” counties of MSAs of 1 million or more population,Urban,Metropolitan, 	37.7 ,HIGHER,4th Quartile,HIGHER,2nd Quartile,higher than 75% of Virginia’s localities
Falls Church City,us-va-610,59.56,866344,20.37,296333,32.96,479409,6.23,90602,23.75,345522,14494,39.3,155071,2.48,Fairfax,Northern,Northern Region,Large fringe metro,NCHS-defined “fringe” counties of MSAs of 1 million or more population,Urban,Metropolitan, 	39.3 ,HIGHER,4th Quartile,LOWER,1st Quartile,higher than 75% of Virginia’s localities
Franklin City,us-va-620,408.35,3319052,218.27,1774123,89.56,727904,100.52,817025,183.22,1489190,8249,39,49424,19.79,Western Tidewater,Eastern,Southside Region,Rural (Noncore),Rural (Counties not within micropolitan statistical areas),Rural,Nonmetropolitan, 	39.0 ,LOWER,1st Quartile,HIGHER,4th Quartile,lower than 75% of Virginia’s localities
Fredericksburg City,us-va-630,1533.58,43642514,1114.69,31721838,223.60,6363323,195.28,5557354,869.99,24758117,28027,30.7,72293,14.29,Rappahannock,Northwest,Northern Region,Large fringe metro,NCHS-defined “fringe” counties of MSAs of 1 million or more population,Urban,Metropolitan, 	30.7 ,LOWER,3rd Quartile,HIGHER,3rd Quartile,higher than 50% of Virginia’s localities
Galax City,us-va-640,597.69,3979988,165.96,1105160,209.10,1392416,222.62,1482412,178.92,1191395,6681,42.1,39808,21.95,Mount Rogers,Southwest,Southwest Region,Rural (Noncore),Rural (Counties not within micropolitan statistical areas),Rural,Nonmetropolitan, 	42.1 ,LOWER,1st Quartile,HIGHER,4th Quartile,lower than 75% of Virginia’s localities
Hampton City,us-va-650,712.86,98265673,478.18,65915218,145.63,20074921,89.05,12275534,386.35,53257558,136748,36.3,59380,14.36,Hampton,Eastern,Hampton Roads Region,Large fringe metro,NCHS-defined “fringe” counties of MSAs of 1 million or more population,Urban,Metropolitan, 	36.3 ,LOWER,2nd Quartile,HIGHER,3rd Quartile,lower than 50% of Virginia’s localities
Harrisonburg City,us-va-660,278.92,14371778,117.35,6046530,66.19,3410675,95.38,4914572,104.42,5380182,52062,25.5,51055,25.81,Central Shenandoah,Northwest,Valley Region,Small metro,"Counties within MSAS of 50,000 to 249,999 population",Urban,Metropolitan, 	25.5 ,LOWER,2nd Quartile,HIGHER,4th Quartile,lower than 50% of Virginia’s localities
Hopewell City,us-va-670,1714.70,39686743,1149.94,26615396,381.58,8831574,183.18,4239774,936.73,21680682,23020,35.8,44209,23.99,Crater,Central,Central Region,Large fringe metro,NCHS-defined “fringe” counties of MSAs of 1 million or more population,Urban,Metropolitan, 	35.8 ,LOWER,1st Quartile,HIGHER,4th Quartile,lower than 75% of Virginia’s localities
Lexington City,us-va-678,148.86,1106441,55.80,414738,71.25,529568,21.81,162135,60.13,446952,7287,22.4,66114,22.8,Central Shenandoah,Northwest,Valley Region,Rural (Noncore),Rural (Counties not within micropolitan statistical areas),Rural,Nonmetropolitan, 	22.4 ,LOWER,3rd Quartile,HIGHER,4th Quartile,higher than 50% of Virginia’s localities
Lynchburg City,us-va-680,651.31,51530207,386.29,30562323,153.03,12107768,111.99,8860116,322.36,25504242,78973,28.6,54015,17.6,Central Virginia,Southwest,West Central Region,Medium metro,"Counties within MSAs of 250,000-999,999 population",Urban,Metropolitan, 	28.6 ,LOWER,2nd Quartile,HIGHER,4th Quartile,lower than 50% of Virginia’s localities
Manassas City,us-va-683,821.37,35125871,615.67,26329071,117.65,5031296,88.05,3765504,478.33,20455873,42596,35,101934,5.62,Prince William,Northern,Northern Region,Large fringe metro,NCHS-defined “fringe” counties of MSAs of 1 million or more population,Urban,Metropolitan, 	35.0 ,HIGHER,4th Quartile,LOWER,1st Quartile,higher than 75% of Virginia’s localities
Manassas Park City,us-va-685,1207.55,20627322,979.56,16732812,131.06,2238778,96.93,1655733,745.83,12740217,17081,35.5,90544,4.4,Prince William,Northern,Northern Region,Large fringe metro,NCHS-defined “fringe” counties of MSAs of 1 million or more population,Urban,Metropolitan, 	35.5 ,HIGHER,4th Quartile,LOWER,1st Quartile,higher than 75% of Virginia’s localities
Martinsville City,us-va-690,1403.10,19010664,888.22,12034488,308.90,4185276,205.99,2790899,730.12,9892422,13476,40.6,36832,25.37,West Piedmont,Southwest,Southside Region,Rural (Micropolitan),Rural (Counties in micropolitan statistical areas),Rural,Nonmetropolitan, 	40.6 ,LOWER,1st Quartile,HIGHER,4th Quartile,lower than 75% of Virginia’s localities
Newport News City,us-va-700,830.86,153512438,561.76,103792904,181.08,33457900,88.01,16261634,456.30,84307753,185069,33.9,57463,15.77,Peninsula,Eastern,Hampton Roads Region,Large fringe metro,NCHS-defined “fringe” counties of MSAs of 1 million or more population,Urban,Metropolitan, 	33.9 ,LOWER,2nd Quartile,HIGHER,3rd Quartile,lower than 50% of Virginia’s localities
Norfolk City,us-va-710,982.99,231027797,684.71,160924944,207.14,48683421,91.14,21419432,552.08,129753005,238556,30.9,56244,17.4,Norfolk City,Eastern,Hampton Roads Region,Large central metro,NCHS-defined “central” counties of MSAs of 1 million or more population,Urban,Metropolitan, 	30.9 ,LOWER,2nd Quartile,HIGHER,4th Quartile,lower than 50% of Virginia’s localities
Norton City,us-va-720,1862.31,6762030,1258.30,4568897,300.05,1089469,303.96,1103664,996.12,3616909,3696,41.2,35592,28.28,Lenowisco,Southwest,Southwest Region,Rural (Micropolitan),Rural (Counties in micropolitan statistical areas),Rural,Nonmetropolitan, 	41.2 ,LOWER,1st Quartile,HIGHER,4th Quartile,lower than 75% of Virginia’s localities
Petersburg City,us-va-730,1924.78,64224107,1355.56,45231000,417.55,13932341,151.67,5060766,1094.81,36530474,33229,37.2,44890,21.33,Crater,Central,Central Region,Large fringe metro,NCHS-defined “fringe” counties of MSAs of 1 million or more population,Urban,Metropolitan, 	37.2 ,LOWER,1st Quartile,HIGHER,4th Quartile,lower than 75% of Virginia’s localities
Poquoson City,us-va-735,628.32,7922514,495.08,6242502,107.66,1357479,25.58,322533,387.79,4889625,12382,43,112026,4.42,Peninsula,Eastern,Hampton Roads Region,Large fringe metro,NCHS-defined “fringe” counties of MSAs of 1 million or more population,Urban,Metropolitan, 	43.0 ,HIGHER,4th Quartile,LOWER,1st Quartile,higher than 75% of Virginia’s localities
Portsmouth City,us-va-740,1758.39,171686110,1195.85,116760041,437.00,42667447,125.55,12258622,984.28,96103074,97454,35.5,54020,17.17,Portsmouth,Eastern,Hampton Roads Region,Large fringe metro,NCHS-defined “fringe” counties of MSAs of 1 million or more population,Urban,Metropolitan, 	35.5 ,LOWER,2nd Quartile,HIGHER,4th Quartile,lower than 50% of Virginia’s localities
Radford City,us-va-750,290.57,4806646,132.31,2188628,66.46,1099412,91.80,1518606,114.91,1900762,16205,23.6,44360,35.39,New River,Southwest,West Central Region,Small metro,"Counties within MSAS of 50,000 to 249,999 population",Urban,Metropolitan, 	23.6 ,LOWER,1st Quartile,HIGHER,4th Quartile,lower than 75% of Virginia’s localities
Richmond City,us-va-760,1795.59,408679929,1221.20,277948658,447.96,101956255,126.43,28775016,1005.65,228887852,225676,34.4,54795,19.78,Richmond City,Central,Central Region,Large central metro,NCHS-defined “central” counties of MSAs of 1 million or more population,Urban,Metropolitan, 	34.4 ,LOWER,2nd Quartile,HIGHER,4th Quartile,lower than 50% of Virginia’s localities
Roanoke City,us-va-770,1510.08,149111567,998.82,98627798,327.05,32294211,184.21,18189558,812.57,80236331,99578,38,48476,18.4,Roanoke City,Southwest,West Central Region,Medium metro,"Counties within MSAs of 250,000-999,999 population",Urban,Metropolitan, 	38.0 ,LOWER,1st Quartile,HIGHER,4th Quartile,lower than 75% of Virginia’s localities
Salem City,us-va-775,543.88,13789415,306.57,7772889,201.61,5111496,35.70,905030,277.20,7028063,25335,40.8,66472,9.95,Alleghany,Southwest,West Central Region,Medium metro,"Counties within MSAs of 250,000-999,999 population",Urban,Metropolitan, 	40.8 ,LOWER,3rd Quartile,HIGHER,2nd Quartile,higher than 50% of Virginia’s localities
Staunton City,us-va-790,345.47,8862424,120.09,3080669,88.26,2264234,137.12,3517521,112.37,2882677,25358,40.9,53041,12.28,Central Shenandoah,Northwest,Valley Region,Small metro,"Counties within MSAS of 50,000 to 249,999 population",Urban,Metropolitan, 	40.9 ,LOWER,2nd Quartile,HIGHER,3rd Quartile,lower than 50% of Virginia’s localities
Suffolk City,us-va-800,695.99,67043538,507.50,48886932,120.89,11645336,67.59,6511269,400.40,38570153,93268,38.2,81883,9.6,Western Tidewater,Eastern,Hampton Roads Region,Large fringe metro,NCHS-defined “fringe” counties of MSAs of 1 million or more population,Urban,Metropolitan, 	38.2 ,HIGHER,4th Quartile,LOWER,2nd Quartile,higher than 75% of Virginia’s localities
Virginia Beach City,us-va-810,472.55,216746949,316.61,145221202,88.83,40743541,67.11,30782207,253.82,116422096,457658,36.7,81810,7.82,Virginia Beach,Eastern,Hampton Roads Region,Large central metro,NCHS-defined “central” counties of MSAs of 1 million or more population,Urban,Metropolitan, 	36.7 ,HIGHER,4th Quartile,LOWER,1st Quartile,higher than 75% of Virginia’s localities
Waynesboro City,us-va-820,357.66,8081618,146.99,3321426,90.66,2048554,120.01,2711639,131.92,2980774,22149,39.1,47238,16.55,Central Shenandoah,Northwest,Valley Region,Small metro,"Counties within MSAS of 50,000 to 249,999 population",Urban,Metropolitan, 	39.1 ,LOWER,1st Quartile,HIGHER,3rd Quartile,lower than 75% of Virginia’s localities
Williamsburg City,us-va-830,139.88,2192689,78.38,1228585,17.81,279168,43.70,684936,62.11,973564,15299,26.1,65297,15.46,Peninsula,Eastern,Hampton Roads Region,Large fringe metro,NCHS-defined “fringe” counties of MSAs of 1 million or more population,Urban,Metropolitan, 	26.1 ,LOWER,3rd Quartile,HIGHER,3rd Quartile,higher than 50% of Virginia’s localities
Winchester City,us-va-840,721.19,20276265,425.28,11956861,131.91,3708656,164.00,4610748,344.76,9693029,28194,36.6,61321,13.27,Lord Fairfax,Northwest,Valley Region,Small metro,"Counties within MSAS of 50,000 to 249,999 population",Urban,Metropolitan, 	36.6 ,LOWER,3rd Quartile,HIGHER,3rd Quartile,higher than 50% of Virginia’s localities